oem,model,brand_group,price_eur,price_tier,launch_year,phone_age,launch_status_group,body_weight_g,display_size_in,screen_to_body_pct,ppi,aspect_ratio,battery_capacity_mah,fast_charging_w,battery_per_inch,battery_per_weight,ram_gb,storage_gb,has_card_slot,main_camera_count,main_camera_max_mp,selfie_camera_count,selfie_camera_max_mp,has_ois,has_ultrawide,has_telephoto,network_generation,has_5g,has_4g_or_more,display_panel,battery_type,os_family,has_wifi,has_bluetooth,has_gps,has_nfc,has_radio,has_usb,has_3_5mm_jack,sensor_count,has_fingerprint,has_face_id,has_accelerometer,has_gyro,has_proximity,has_compass,has_barometer,spec_score_0_100,value_score,price_per_ram_gb,price_per_storage_gb,battery_per_eur,cluster,segment,performance_to_price_ratio,segment_mean_value_score,segment_median_price_eur,value_score_lift_vs_segment,price_discount_vs_segment_median,expected_market_price_eur,market_price_gap_eur,market_price_discount_ratio,market_underpricing_z_in_segment,segment_median_performance_to_price_ratio,market_underpriced_outlier,value_z_in_segment,zscore_value_outlier,isolation_raw_outlier,isolation_value_outlier,is_value_outlier
Motorola,Moto E6,Motorola,55.79070000000001,budget,2019.0,7.0,Available,159.0,5.5,70.7,296.0,2.0,3000.0,,545.4545454545455,18.867924528301888,2.0,16.0,1,1.0,13.0,1.0,5.0,0,0,0,4.0,0,1,IPS LCD,Li-Ion,Android,1,1,1,0,1,1,1,4.0,1,0,1,0,1,1,0,33.04760222254941,59.2349660831454,27.895350000000004,3.4869187500000005,53.772402927369605,1,Entry,0.592349660831454,19.55453646636535,180.0,3.0292186258177027,0.6900516666666666,134.84240688790294,79.05170688790292,0.5862525648449758,1.7969629044937638,0.1772637802030422,True,4.2543813037001135,True,True,True,True
LG,Aristo 2,LG,55.8,budget,2018.0,8.0,Available,139.0,5.0,66.2,294.0,1.7777777777777777,2410.0,,482.0,17.33812949640288,2.0,16.0,1,1.0,13.0,1.0,5.0,0,0,0,4.0,0,1,IPS LCD,Li-Ion,Android,1,1,1,0,1,1,1,2.0,0,0,1,0,1,0,0,30.96062656011626,55.48499383533379,27.9,3.4875000000000003,43.18996415770609,1,Entry,0.5548499383533381,19.55453646636535,180.0,2.837448687713482,0.6900000000000001,122.05065964170582,66.25065964170582,0.542812794590316,1.660719647990345,0.1772637802030422,True,3.852323866959623,True,True,True,True
Micromax,Bharat 4 Q440,Other,55.0,budget,2017.0,9.0,Available,150.0,5.0,65.3,294.0,1.7777777777777777,2500.0,,500.0,16.666666666666668,3.0,16.0,1,1.0,5.0,1.0,5.0,0,0,0,4.0,0,1,Other,Li-Ion,Android,1,1,1,0,1,1,1,1.0,0,0,1,0,0,0,0,30.3117432305442,55.11226041917128,18.333333333333332,3.4375,45.45454545454545,1,Entry,0.5511226041917127,19.55453646636535,180.0,2.8183874628767986,0.6944444444444444,150.34694140185215,95.34694140185215,0.634179455284067,1.9472794367687916,0.1772637802030422,True,3.8123608400392834,True,True,True,True
Nokia,C2 Tennen,Nokia,60.0,budget,2020.0,6.0,Available,180.0,5.45,70.3,295.0,2.0,3000.0,10.0,550.4587155963303,16.666666666666668,2.0,32.0,1,2.0,8.0,1.0,5.0,0,0,0,4.0,0,1,IPS LCD,Li-Po,Android,1,1,1,0,1,1,1,2.0,0,0,1,0,1,0,0,31.83284269006044,53.05473781676739,30.0,1.875,50.0,1,Entry,0.5305473781676739,19.55453646636535,180.0,2.713167755626621,0.6666666666666666,102.30953162451404,42.30953162451404,0.41354437805261535,1.2552858731593772,0.1772637802030422,False,3.5917612705248985,True,True,True,True
Panasonic,P100,Other,58.3,budget,2018.0,8.0,Available,174.8,5.0,65.1,294.0,1.7777777777777777,2200.0,,440.0,12.585812356979403,2.0,16.0,1,1.0,8.0,1.0,5.0,0,0,0,4.0,0,1,IPS LCD,Li-Ion,Android,1,1,1,0,1,1,1,3.0,1,0,1,0,1,0,0,30.837786358642667,52.89500233043339,29.15,3.64375,37.735849056603776,1,Entry,0.5289500233043339,19.55453646636535,180.0,2.704999038019392,0.6761111111111111,94.27837276696961,35.97837276696961,0.3816185166443032,1.155154511979384,0.1772637802030422,False,3.574635053063043,True,True,True,True
Coolpad,Cool 3 Plus,Other,66.0,budget,2019.0,7.0,Available,135.0,5.71,78.8,295.0,2.111111111111111,3000.0,,525.3940455341506,22.22222222222222,3.0,32.0,1,1.0,13.0,1.0,8.0,0,0,0,4.0,0,1,IPS LCD,Li-Ion,Android,1,1,1,0,0,1,1,3.0,1,0,1,0,1,0,0,34.31147859820818,51.98708878516391,22.0,2.0625,45.45454545454545,1,Entry,0.5198708878516392,19.55453646636535,180.0,2.6585692212435696,0.6333333333333333,129.38376287847993,63.38376287847993,0.48988962346079973,1.494732923454215,0.1772637802030422,False,3.477292094590206,True,True,True,True
Lava,Z61,Other,62.7,budget,2018.0,8.0,Available,139.0,5.45,74.5,295.0,2.0,3000.0,,550.4587155963303,21.58273381294964,2.0,16.0,1,1.0,8.0,1.0,5.0,0,0,0,4.0,0,1,IPS LCD,Li-Po,Android,1,1,1,0,1,1,1,2.0,0,0,1,0,1,0,0,31.36317935591302,50.02101970640035,31.35,3.91875,47.84688995215311,1,Entry,0.5002101970640035,19.55453646636535,180.0,2.5580263583562144,0.6516666666666666,124.57350346278722,61.87350346278721,0.4966826952994074,1.5160385202271236,0.1772637802030422,False,3.2664978161195557,True,True,True,True
YU,Ace,Other,66.0,budget,2018.0,8.0,Available,,5.45,73.5,295.0,2.0,4000.0,10.0,733.9449541284404,,2.0,32.0,1,1.0,13.0,1.0,5.0,0,0,0,4.0,0,1,IPS LCD,Li-Po,Android,1,1,1,0,1,1,1,3.0,1,0,1,0,1,0,0,32.47363370494301,49.20247531051971,33.0,2.0625,60.60606060606061,1,Entry,0.49202475310519717,19.55453646636535,180.0,2.5161667930687135,0.6333333333333333,104.8178743878168,38.8178743878168,0.37033640125341716,1.1197696070388066,0.1772637802030422,False,3.178736670191577,True,True,True,True
Micromax,Canvas Xpress 4G Q413,Other,60.0,budget,2015.0,11.0,Available,155.0,5.0,66.3,294.0,1.7777777777777777,2000.0,,400.0,12.903225806451612,2.0,16.0,1,1.0,8.0,1.0,2.0,0,0,0,4.0,0,1,IPS LCD,Li-Ion,Android,1,1,1,0,1,1,1,2.0,0,0,1,0,1,0,0,28.37970114620057,47.299501910334286,30.0,3.75,33.333333333333336,1,Entry,0.47299501910334285,19.55453646636535,180.0,2.41885058189395,0.6666666666666666,133.11453624112818,73.11453624112818,0.5492603460578191,1.6809415645257302,0.1772637802030422,True,2.97470726493121,True,True,True,True
Panasonic,Eluga I7,Other,71.5,budget,2018.0,8.0,Available,168.0,5.45,72.7,295.0,2.0,4000.0,,733.9449541284404,23.80952380952381,2.0,16.0,1,1.0,8.0,1.0,8.0,0,0,0,4.0,0,1,IPS LCD,Li-Ion,Android,1,1,1,0,1,1,1,4.0,1,0,1,0,1,1,0,33.245541900479495,46.49726139927202,35.75,4.46875,55.94405594405595,1,Entry,0.4649726139927202,19.55453646636535,180.0,2.377824781438789,0.6027777777777777,116.82138473552233,45.32138473552233,0.38795452423481913,1.1750265854802715,0.1772637802030422,False,2.888694158110138,True,True,True,True
YU,Yunique 2,Other,66.0,budget,2017.0,9.0,Available,159.0,5.0,65.4,294.0,1.7777777777777777,2500.0,,500.0,15.723270440251572,2.0,16.0,1,1.0,13.0,1.0,5.0,0,0,0,4.0,0,1,IPS LCD,Li-Po,Android,1,1,1,0,1,1,1,2.0,0,0,1,0,1,0,0,30.46328892643822,46.15649837339125,33.0,4.125,37.878787878787875,1,Entry,0.4615649837339124,19.55453646636535,180.0,2.3603984913057094,0.6333333333333333,124.84810653682517,58.84810653682517,0.4713576214267002,1.4366096808161428,0.1772637802030422,False,2.852158872068619,True,True,True,True
Infinix,Smart3 Plus,Other,77.0,budget,2019.0,7.0,Available,148.0,6.21,80.7,271.0,2.111111111111111,3500.0,,563.6070853462157,23.64864864864865,3.0,32.0,1,3.0,13.0,1.0,8.0,0,0,0,4.0,0,1,IPS LCD,Li-Po,Android,1,1,1,0,1,1,1,4.0,1,0,1,0,1,1,0,34.930148039469536,45.363828622687706,25.666666666666668,2.40625,45.45454545454545,1,Entry,0.4536382862268771,19.55453646636535,180.0,2.319862130238447,0.5722222222222222,146.7003753618126,69.7003753618126,0.4751206340809147,1.448411886381877,0.1772637802030422,False,2.767171904942242,True,True,True,True
Xiaomi,Redmi 8A Dual,Xiaomi,80.0,budget,2020.0,6.0,Available,188.0,6.22,81.8,270.0,2.111111111111111,5000.0,18.0,803.8585209003215,26.595744680851062,3.0,32.0,1,2.0,13.0,1.0,8.0,0,0,0,4.0,0,1,IPS LCD,Li-Po,Android,1,1,1,0,1,1,1,3.0,0,0,1,0,1,1,0,36.12321802010553,45.154022525131914,26.666666666666668,2.5,62.5,1,Entry,0.45154022525131915,19.55453646636535,180.0,2.3091328502109367,0.5555555555555556,122.22652646373074,42.226526463730735,0.3454775954568336,1.0418031575235887,0.1772637802030422,False,2.744677311323574,True,True,True,True
TECNO,Camon iACE2,Other,73.69999999999999,budget,2019.0,7.0,Available,150.0,5.5,73.2,293.0,2.0,3050.0,,554.5454545454545,20.333333333333332,2.0,32.0,1,2.0,13.0,1.0,8.0,0,0,0,4.0,0,1,IPS LCD,Li-Po,Android,1,1,1,0,1,1,1,2.0,0,0,0,0,1,0,0,32.70723613062067,44.37888213109997,36.849999999999994,2.3031249999999996,41.38398914518318,1,Entry,0.44378882131099967,19.55453646636535,180.0,2.269492923416189,0.5905555555555556,113.53507605856278,39.83507605856279,0.350861402849771,1.0586887774820022,0.1772637802030422,False,2.66156977362903,True,True,True,True
BLU,Studio Mini,Other,74.4,budget,2019.0,7.0,Available,187.0,5.5,72.5,293.0,2.0,3000.0,,545.4545454545455,16.0427807486631,2.0,32.0,1,1.0,13.0,1.0,8.0,0,0,0,4.0,0,1,IPS LCD,Li-Po,Android,1,1,1,0,1,1,1,2.0,0,0,1,0,1,0,0,32.642490987121406,43.87431584290511,37.2,2.325,40.32258064516129,1,Entry,0.4387431584290511,19.55453646636535,180.0,2.243689893563616,0.5866666666666667,105.54879295217485,31.148792952174844,0.2951127348873488,0.883840245263684,0.1772637802030422,False,2.6074721390090203,True,True,True,True
Ulefone,Note 8P,Other,70.0,budget,2020.0,6.0,Available,153.0,5.5,78.7,192.0,2.171945701357466,2700.0,,490.90909090909093,17.647058823529413,2.0,16.0,1,2.0,8.0,1.0,5.0,0,0,0,4.0,0,1,IPS LCD,Li-Ion,Android,1,1,1,0,1,1,1,1.0,0,0,1,0,0,0,0,30.71163466985285,43.8737638140755,35.0,4.375,38.57142857142857,1,Entry,0.438737638140755,19.55453646636535,180.0,2.2436616633454993,0.6111111111111112,108.31452343438656,38.31452343438656,0.3537339427763467,1.0676981297814834,0.1772637802030422,False,2.6074129526253427,True,True,True,True
Yezz,Max 1,Other,60.45,budget,2018.0,8.0,Available,120.0,5.0,70.5,215.0,2.0,2000.0,,400.0,16.666666666666668,2.0,16.0,1,1.0,8.0,1.0,8.0,0,0,0,3.0,0,0,LCD/TFT,Li-Ion,Android,1,1,1,0,1,1,1,1.0,0,0,1,0,0,0,0,26.329511619536632,43.555850487240086,30.225,3.778125,33.085194375516956,1,Entry,0.43555850487240083,19.55453646636535,180.0,2.2274038846258533,0.6641666666666667,101.41295883648513,40.96295883648513,0.4039223320811735,1.2251075625999606,0.1772637802030422,False,2.573327522428444,True,True,True,True
Infinix,Hot 9,Other,90.0,budget,2020.0,6.0,Available,185.0,6.6,82.8,266.0,2.2222222222222223,5000.0,,757.5757575757576,27.027027027027028,4.0,128.0,1,4.0,16.0,1.0,8.0,0,0,0,4.0,0,1,IPS LCD,Li-Po,Android,1,1,1,0,1,1,1,5.0,1,0,1,1,1,1,0,39.13721922977629,43.48579914419588,22.5,0.703125,55.55555555555556,1,Entry,0.4348579914419588,19.55453646636535,180.0,2.2238215269890618,0.5,161.97330403367798,71.97330403367798,0.4443528794023555,1.3519127781193159,0.1772637802030422,False,2.565816889932159,True,True,True,True
Panasonic,Eluga I5,Other,71.5,budget,2017.0,9.0,Available,145.5,5.0,67.9,294.0,1.7777777777777777,2500.0,,500.0,17.18213058419244,2.0,16.0,1,1.0,13.0,1.0,5.0,0,0,0,4.0,0,1,IPS LCD,Li-Ion,Android,1,1,1,0,1,1,1,3.0,1,0,1,0,1,0,0,31.0260216647935,43.393037293417486,35.75,4.46875,34.96503496503497,1,Entry,0.43393037293417486,19.55453646636535,180.0,2.2190777760472815,0.6027777777777777,151.13569391070237,79.63569391070237,0.5269151968677541,1.6108588759004923,0.1772637802030422,False,2.555871325142171,True,True,True,True
Coolpad,Cool 5,Other,88.0,budget,2019.0,7.0,Available,145.0,6.22,80.9,270.0,2.111111111111111,4000.0,,643.0868167202573,27.58620689655172,4.0,64.0,1,2.0,13.0,1.0,16.0,0,0,0,4.0,0,1,IPS LCD,Li-Po,Android,1,1,1,0,1,1,1,5.0,1,0,1,1,1,1,0,37.82819407219119,42.98658417294453,22.0,1.375,45.45454545454545,1,Entry,0.4298658417294453,19.55453646636535,180.0,2.198292158286816,0.5111111111111111,165.06325887037,77.06325887036999,0.4668710614207035,1.4225381619722002,0.1772637802030422,False,2.512293002697813,True,True,True,True
ZTE,Blade A7,ZTE,80.0,budget,2019.0,7.0,Available,146.0,6.01,79.1,286.0,2.1666666666666665,3200.0,,532.4459234608985,21.91780821917808,3.0,64.0,1,1.0,16.0,1.0,5.0,0,0,0,4.0,0,1,IPS LCD,Li-Ion,Android,1,1,1,0,1,1,1,2.0,0,0,1,0,1,0,0,34.135263493951925,42.669079367439906,26.666666666666668,1.25,40.0,1,Entry,0.42669079367439905,19.55453646636535,180.0,2.182055270951197,0.5555555555555556,155.03034476866677,75.03034476866677,0.48397199193890444,1.476173032722661,0.1772637802030422,False,2.478251372568824,True,True,True,True
Ulefone,Armor X7,Other,80.0,budget,2020.0,6.0,Available,234.0,5.0,58.2,294.0,1.7777777777777777,4000.0,,800.0,17.094017094017094,2.0,16.0,1,1.0,13.0,1.0,5.0,0,0,0,4.0,0,1,IPS LCD,Li-Po,Android,1,1,1,1,1,1,1,4.0,1,0,1,0,1,1,0,33.7596976019056,42.199622002382,40.0,5.0,50.0,1,Entry,0.42199622002382,19.55453646636535,180.0,2.1580476773237343,0.5555555555555556,128.92539497516748,48.92539497516748,0.3794860972471023,1.1484664525996378,0.1772637802030422,False,2.4279179801112463,True,True,True,True
Lava,Z71,Other,80.0,budget,2020.0,6.0,Available,150.0,5.71,78.8,295.0,2.111111111111111,3200.0,,560.4203152364273,21.333333333333332,2.0,32.0,1,2.0,13.0,1.0,5.0,0,0,0,4.0,0,1,IPS LCD,Li-Po,Android,1,1,1,0,1,1,1,3.0,1,0,1,0,1,0,0,33.746333390550305,42.182916738187885,40.0,2.5,40.0,1,Entry,0.4218291673818788,19.55453646636535,180.0,2.15719338634001,0.5555555555555556,112.09303908599475,32.09303908599475,0.2863071547321849,0.8562226748044408,0.1772637802030422,False,2.4261269066690687,True,False,False,True
alcatel,1B (2020),alcatel,77.83,budget,2020.0,6.0,Available,168.0,5.5,74.6,293.0,2.0,3000.0,,545.4545454545455,17.857142857142858,2.0,16.0,1,1.0,13.0,1.0,5.0,0,0,0,4.0,0,1,IPS LCD,Li-Ion,Android,1,1,1,0,1,1,1,2.0,0,0,1,0,1,0,0,32.78722019185703,42.126712311264335,38.915,4.864375,38.54554798920725,1,Entry,0.42126712311264336,19.55453646636535,180.0,2.1543191465430085,0.5676111111111111,110.76621498144436,32.936214981444365,0.2973489252743886,0.8908537690163624,0.1772637802030422,False,2.42010088665371,True,True,True,True
Realme,C1 (2019),Realme,82.5,budget,2019.0,7.0,Available,168.0,6.2,81.2,271.0,2.111111111111111,4230.0,,682.258064516129,25.178571428571427,3.0,32.0,1,2.0,13.0,1.0,5.0,0,0,0,4.0,0,1,IPS LCD,Li-Ion,Android,1,1,1,0,1,1,1,3.0,0,0,1,0,1,1,0,34.706391700989386,42.06835357695683,27.5,2.578125,51.27272727272727,1,Entry,0.4206835357695683,19.55453646636535,180.0,2.151334737559043,0.5416666666666666,152.5903456903234,70.0903456903234,0.4593366990108878,1.3989076025937206,0.1772637802030422,False,2.41384389018106,True,False,False,True
Panasonic,P85 Nxt,Other,77.0,budget,2018.0,8.0,Available,173.8,5.0,68.7,294.0,1.7777777777777777,4000.0,,800.0,23.01495972382048,2.0,16.0,1,1.0,8.0,1.0,5.0,0,0,0,4.0,0,1,IPS LCD,Li-Ion,Android,1,1,1,0,1,1,1,3.0,1,0,1,0,1,0,0,32.29381784947515,41.94002318113655,38.5,4.8125,51.94805194805195,1,Entry,0.41940023181136554,19.55453646636535,180.0,2.1447720457744017,0.5722222222222222,132.49746657604555,55.497466576045554,0.4188568129655019,1.271947642506937,0.1772637802030422,False,2.400084804355957,True,False,False,True
Realme,3i,Realme,88.0,budget,2019.0,7.0,Available,175.0,6.2,81.3,271.0,2.111111111111111,4230.0,,682.258064516129,24.17142857142857,4.0,64.0,1,2.0,13.0,1.0,13.0,0,0,0,4.0,0,1,IPS LCD,Li-Po,Android,1,1,1,0,1,1,1,3.0,1,0,1,0,1,0,0,36.79114468037237,41.808118954968606,22.0,1.375,48.06818181818182,1,Entry,0.41808118954968604,19.55453646636535,180.0,2.1380265917773293,0.5111111111111111,138.7798833484571,50.779883348457105,0.3659023348575372,1.105862727656491,0.1772637802030422,False,2.385942546343442,True,False,False,True
Wiko,Y80,Other,80.0,budget,2019.0,7.0,Available,185.0,5.99,75.6,269.0,2.0,4000.0,,667.779632721202,21.62162162162162,2.0,16.0,1,2.0,13.0,1.0,5.0,0,0,0,4.0,0,1,IPS LCD,Li-Po,Android,1,1,1,0,1,1,1,3.0,0,0,1,0,1,1,0,33.20124630218138,41.501557877726725,40.0,5.0,50.0,1,Entry,0.41501557877726725,19.55453646636535,180.0,2.122349356074546,0.5555555555555556,116.80166986095274,36.80166986095274,0.3150782853084508,0.9464596281772563,0.1772637802030422,False,2.3530742601868706,True,False,False,True
alcatel,Pulsemix,alcatel,74.4,budget,2017.0,9.0,Available,,5.2,71.0,282.0,1.7777777777777777,2800.0,,538.4615384615385,,2.0,16.0,1,1.0,8.0,1.0,2.0,0,0,0,4.0,0,1,IPS LCD,Li-Ion,Android,1,1,1,0,0,1,1,3.0,0,0,1,0,1,1,0,30.53350039053,41.03965106254032,37.2,4.65,37.634408602150536,1,Entry,0.4103965106254032,19.55453646636535,180.0,2.098727890233057,0.5866666666666667,141.14718406866984,66.74718406866984,0.4728906531794252,1.441417837882581,0.1772637802030422,False,2.303550408314317,True,True,True,True
TECNO,Camon iACE2X,Other,83.6,budget,2019.0,7.0,Available,150.0,5.5,73.2,293.0,2.0,3050.0,,554.5454545454545,20.333333333333332,3.0,32.0,1,2.0,13.0,1.0,8.0,0,0,0,4.0,0,1,IPS LCD,Li-Po,Android,1,1,1,0,1,1,1,3.0,1,0,1,0,1,0,0,34.09060678727024,40.77823778381608,27.866666666666664,2.6125,36.483253588516746,1,Entry,0.4077823778381608,19.55453646636535,180.0,2.085359469090787,0.5355555555555556,144.42394298878682,60.823942988786825,0.4211486110271151,1.2791355725841893,0.1772637802030422,False,2.275522693486526,True,False,False,True
ZTE,Blade Max View,ZTE,90.0,budget,2019.0,7.0,Available,160.0,6.0,76.0,402.0,2.0,4000.0,,666.6666666666666,25.0,3.0,32.0,1,2.0,16.0,1.0,8.0,0,0,0,4.0,0,1,IPS LCD,Li-Po,Android,1,1,1,0,1,1,1,3.0,1,0,1,0,1,0,0,36.406145767867145,40.45127307540794,30.0,2.8125,44.44444444444444,1,Entry,0.4045127307540794,19.55453646636535,180.0,2.068638811509845,0.5,257.6720254658868,167.6720254658868,0.6507187777281043,1.9991528959727798,0.1772637802030422,True,2.2404668093679447,True,True,True,True
ZTE,Blade A5 (2019),ZTE,80.0,budget,2019.0,7.0,Available,157.0,5.45,75.1,295.0,2.0,2600.0,,477.0642201834862,16.56050955414013,2.0,16.0,1,1.0,13.0,1.0,8.0,0,0,0,4.0,0,1,IPS LCD,Li-Ion,Android,1,1,1,0,1,1,1,2.0,0,0,1,0,1,0,0,32.32614133729829,40.40767667162286,40.0,5.0,32.5,1,Entry,0.4040767667162286,19.55453646636535,180.0,2.06640933376896,0.5555555555555556,103.17836552377965,23.178365523779647,0.2246436586402185,0.6628230443343849,0.1772637802030422,False,2.235792572547349,True,False,False,True
Micromax,Bharat 5 Plus,Other,79.19999999999999,budget,2018.0,8.0,Available,170.0,5.2,67.8,282.0,1.7777777777777777,5000.0,,961.5384615384615,29.41176470588235,2.0,16.0,1,1.0,8.0,1.0,5.0,0,0,0,4.0,0,1,Other,Li-Po,Android,1,1,1,0,1,1,1,1.0,0,0,1,0,0,0,0,31.923556154417792,40.30752039699217,39.599999999999994,4.949999999999999,63.13131313131314,1,Entry,0.4030752039699217,19.55453646636535,180.0,2.061287439174171,0.56,151.52102794174098,72.321027941741,0.4773002726034042,1.4552480424794663,0.1772637802030422,False,2.225054206396775,True,False,False,True
Asus,ZenFone Lite (L1) ZA551KL,Asus,80.0,budget,2018.0,8.0,Available,140.0,5.45,72.5,295.0,2.0,3000.0,,550.4587155963303,21.428571428571427,2.0,16.0,1,1.0,13.0,1.0,5.0,0,0,0,4.0,0,1,IPS LCD,Li-Ion,Android,1,1,1,0,1,1,1,3.0,0,0,1,0,1,1,0,32.12200903499956,40.15251129374945,40.0,5.0,37.5,1,Entry,0.4015251129374945,19.55453646636535,180.0,2.053360424207115,0.5555555555555556,107.54089979876728,27.540899798767285,0.25609698124436725,0.7614723482860357,0.1772637802030422,False,2.2084347333439864,True,False,False,True
Xiaomi,Redmi 8A Pro,Xiaomi,90.0,budget,2020.0,6.0,Available,188.0,6.22,81.8,270.0,2.111111111111111,5000.0,18.0,803.8585209003215,26.595744680851062,3.0,32.0,1,2.0,13.0,1.0,8.0,0,0,0,4.0,0,1,IPS LCD,Li-Po,Android,1,1,1,0,1,1,1,3.0,0,0,1,0,1,1,0,36.12321802010553,40.13690891122837,30.0,2.8125,55.55555555555556,1,Entry,0.4013690891122837,19.55453646636535,180.0,2.0525625335208324,0.5,127.20934794524554,37.20934794524554,0.29250482410507667,0.8756608682650451,0.1772637802030422,False,2.2067619065845,True,False,False,True
alcatel,1v (2019),alcatel,80.0,budget,2019.0,7.0,Available,153.2,5.5,72.5,195.0,2.0,2460.0,,447.27272727272725,16.057441253263708,3.0,16.0,1,1.0,8.0,1.0,5.0,0,0,0,4.0,0,1,IPS LCD,Li-Ion,Android,1,1,1,0,1,1,1,4.0,1,0,1,0,1,0,0,32.0855351567386,40.106918945923255,26.666666666666668,5.0,30.75,1,Entry,0.40106918945923253,19.55453646636535,180.0,2.051028875826788,0.5555555555555556,200.97747775355597,120.97747775355597,0.6019454473495872,1.8461816136126141,0.1772637802030422,True,2.2035464991676728,True,True,True,True
Panasonic,P101,Other,77.0,budget,2018.0,8.0,Available,145.0,5.45,71.5,197.0,2.0,2500.0,,458.7155963302752,17.24137931034483,2.0,16.0,1,1.0,8.0,1.0,5.0,0,0,0,4.0,0,1,IPS LCD,Li-Ion,Android,1,1,1,0,1,1,1,4.0,1,0,1,0,1,1,0,30.641107766757248,39.79364645033409,38.5,4.8125,32.467532467532465,1,Entry,0.39793646450334086,19.55453646636535,180.0,2.0350084247090634,0.5722222222222222,186.81823214285714,109.81823214285714,0.5878346609065477,1.8019249454591317,0.1772637802030422,True,2.1699586408438196,True,False,False,True
Samsung,Galaxy A10e,Samsung,81.38430000000001,budget,2019.0,7.0,Available,141.0,5.83,81.4,295.0,2.1666666666666665,3000.0,,514.5797598627787,21.27659574468085,2.0,32.0,1,1.0,8.0,1.0,5.0,0,0,0,4.0,0,1,LCD/TFT,Li-Ion,Android,1,1,1,0,0,1,1,2.0,0,0,1,0,1,0,0,32.33805024085384,39.73499832382147,40.692150000000005,2.5432593750000003,36.86214663024686,1,Entry,0.3973499832382147,19.55453646636535,180.0,2.0320092164888384,0.5478649999999999,86.1943281088827,4.81002810888269,0.055804462015256386,0.13328060341555198,0.1772637802030422,False,2.1636706168646946,True,False,False,True
Micromax,Canvas 1 2018,Other,77.0,budget,2018.0,8.0,Available,,5.7,,282.0,2.0,3000.0,,526.3157894736842,,2.0,16.0,1,1.0,8.0,1.0,5.0,0,0,0,4.0,0,1,IPS LCD,Li-Ion,Android,1,1,1,0,1,1,1,2.0,0,0,1,0,1,0,0,30.585631257615137,39.72159903586381,38.5,4.8125,38.96103896103896,1,Entry,0.39721599035863814,19.55453646636535,180.0,2.0313239899184867,0.5722222222222222,120.86285977794084,43.86285977794084,0.362914296902533,1.0964911306347063,0.1772637802030422,False,2.1622339973340967,True,False,False,True
Coolpad,Mega 5A,Other,77.0,budget,2018.0,8.0,Available,,5.45,,295.0,2.0,2500.0,,458.7155963302752,,2.0,16.0,1,2.0,8.0,1.0,5.0,0,0,0,4.0,0,1,IPS LCD,Li-Ion,Android,1,1,1,0,1,1,1,2.0,1,0,1,0,0,0,0,30.376324191228058,39.449771676919546,38.5,4.8125,32.467532467532465,1,Entry,0.39449771676919554,19.55453646636535,180.0,2.017423002829797,0.5722222222222222,101.53907248453923,24.539072484539233,0.24167122944988154,0.7162278317872418,0.1772637802030422,False,2.1330897253366583,True,False,False,True
Micromax,Canvas 1,Other,77.0,budget,2017.0,9.0,Available,150.0,5.0,67.9,294.0,1.7777777777777777,2500.0,,500.0,16.666666666666668,2.0,16.0,1,1.0,8.0,1.0,5.0,0,0,0,4.0,0,1,IPS LCD,Li-Ion,Android,1,1,1,0,1,1,1,2.0,0,0,1,0,1,0,0,30.183978272086954,39.19997178193111,38.5,4.8125,32.467532467532465,1,Entry,0.3919997178193111,19.55453646636535,180.0,2.0046484788507652,0.5722222222222222,93.11202931114842,16.11202931114842,0.17303918119223405,0.5009722330512281,0.1772637802030422,False,2.1063071523360968,True,False,False,True
Blackview,A10,Other,70.0,budget,2017.0,9.0,Available,169.0,5.0,68.5,294.0,1.7777777777777777,2800.0,,560.0,16.568047337278106,2.0,16.0,1,2.0,8.0,1.0,5.0,0,0,0,3.0,0,0,IPS LCD,Li-Po,Android,1,1,1,0,0,1,1,2.0,1,0,1,0,0,0,0,27.368533947879275,39.09790563982754,35.0,4.375,40.0,1,Entry,0.39097905639827535,19.55453646636535,180.0,1.9994289154886198,0.6111111111111112,108.49224363153908,38.49224363153908,0.35479258556276416,1.0710184268237979,0.1772637802030422,False,2.0953640176246062,True,False,False,True
BlackBerry,Q5,Other,70.0,budget,2013.0,13.0,Available,120.0,3.1,39.1,328.0,1.0,2180.0,,703.2258064516129,18.166666666666668,2.0,8.0,1,1.0,5.0,1.0,2.0,0,0,0,4.0,0,1,IPS LCD,Li-Ion,BlackBerry,1,1,1,1,1,1,1,4.0,0,0,1,1,1,1,0,27.331738353534313,39.04534050504902,35.0,8.75,31.142857142857142,1,Entry,0.3904534050504902,19.55453646636535,180.0,1.9967407855567785,0.6111111111111112,189.27012120065422,119.27012120065422,0.6301582122104223,1.9346673246804134,0.1772637802030422,True,2.0897281883559224,True,True,True,True
Coolpad,Mega,Other,80.0,budget,2016.0,10.0,Available,143.0,5.5,93.2,233.0,1.7777777777777777,2500.0,,454.54545454545456,17.482517482517483,3.0,16.0,1,1.0,8.0,1.0,8.0,0,0,0,4.0,0,1,IPS LCD,Li-Ion,Android,1,1,1,0,1,1,1,2.0,0,0,1,0,1,0,0,31.229611912230215,39.03701489028777,26.666666666666668,5.0,31.25,1,Entry,0.3903701489028777,19.55453646636535,180.0,1.996315021705226,0.5555555555555556,153.36094084539667,73.36094084539667,0.4783547912590854,1.4585554047157616,0.1772637802030422,False,2.0888355483284795,True,False,False,True
Infinix,Hot 9 Play,Other,100.0,budget,2020.0,6.0,Available,209.0,6.82,82.4,263.0,2.2777777777777777,6000.0,,879.7653958944281,28.708133971291865,4.0,64.0,1,2.0,13.0,1.0,8.0,0,0,0,4.0,0,1,IPS LCD,Li-Po,Android,1,1,1,0,1,1,1,5.0,1,0,1,1,1,1,0,38.94921306558929,38.94921306558929,25.0,1.5625,60.0,1,Entry,0.3894921306558929,19.55453646636535,180.0,1.9918249216791013,0.4444444444444444,290.3179871938775,190.3179871938775,0.6555501057079908,2.014305735257081,0.1772637802030422,True,2.0794217782399116,True,True,True,True
Motorola,Moto E5 Play,Motorola,80.0,budget,2018.0,8.0,Available,150.0,5.2,66.7,282.0,1.7777777777777777,2800.0,10.0,538.4615384615385,18.666666666666668,2.0,16.0,1,1.0,8.0,1.0,5.0,0,0,0,4.0,0,1,IPS LCD,Li-Ion,Android,1,1,1,0,1,1,1,4.0,1,0,1,0,1,1,0,31.084842794409408,38.85605349301176,40.0,5.0,35.0,1,Entry,0.3885605349301176,19.55453646636535,180.0,1.9870608316308522,0.5555555555555556,136.25949928848877,56.25949928848877,0.41288497009207475,1.2532177248385725,0.1772637802030422,False,2.0694335712657876,True,False,False,True
Panasonic,Eluga Ray 600,Other,88.0,budget,2018.0,8.0,Available,158.0,5.99,77.4,269.0,2.0,4000.0,,667.779632721202,25.31645569620253,3.0,32.0,1,1.0,13.0,1.0,8.0,0,0,0,4.0,0,1,IPS LCD,Li-Ion,Android,1,1,1,0,1,1,1,3.0,1,0,1,0,1,0,0,34.14351248219162,38.79944600249047,29.333333333333332,2.75,45.45454545454545,1,Entry,0.38799446002490473,19.55453646636535,180.0,1.9841659795529902,0.5111111111111111,143.43136619952153,55.431366199521534,0.38646613825328285,1.1703584541372707,0.1772637802030422,False,2.0633643363394274,True,False,False,True
BLU,Studio Mega 2019,Other,83.7,budget,2019.0,7.0,Available,181.0,6.0,73.8,268.0,2.0,3000.0,,500.0,16.574585635359117,2.0,32.0,1,1.0,13.0,1.0,8.0,0,0,0,4.0,0,1,IPS LCD,Li-Po,Android,1,1,1,0,1,1,1,2.0,0,0,1,0,1,0,0,32.4029079442969,38.71315166582664,41.85,2.615625,35.842293906810035,1,Entry,0.3871315166582664,19.55453646636535,180.0,1.9797529710006139,0.535,130.67828665921252,46.978286659212515,0.35949573460298084,1.085769249337444,0.1772637802030422,False,2.0541121932536948,True,False,False,True
Nokia,2.2,Nokia,87.0,budget,2019.0,7.0,Available,153.0,5.71,79.0,295.0,2.111111111111111,3000.0,,525.3940455341506,19.607843137254903,3.0,32.0,1,1.0,13.0,1.0,5.0,0,0,0,4.0,0,1,IPS LCD,Li-Ion,Android,1,1,1,0,1,1,1,2.0,0,0,1,0,1,0,0,33.546176641205406,38.55882372552345,29.0,2.71875,34.48275862068966,1,Entry,0.38558823725523456,19.55453646636535,180.0,1.9718607900446172,0.5166666666666667,122.61216817141413,35.612168171414126,0.29044562788929434,0.8692024639831393,0.1772637802030422,False,2.0375657518415085,True,False,False,True
ZTE,Blade A7 Prime,ZTE,90.0,budget,2019.0,7.0,Available,165.0,6.09,79.7,282.0,2.1666666666666665,3200.0,,525.4515599343185,19.39393939393939,3.0,32.0,1,1.0,16.0,1.0,5.0,0,0,0,4.0,0,1,IPS LCD,Li-Po,Android,1,1,1,0,1,1,1,3.0,1,0,1,0,1,0,0,34.256434655817124,38.06270517313014,30.0,2.8125,35.55555555555556,1,Entry,0.3806270517313014,19.55453646636535,180.0,1.9464897691949714,0.5,145.15753705354214,55.15753705354214,0.37998396895641035,1.150027963229169,0.1772637802030422,False,1.9843738505918225,True,False,False,True
Blackview,A7 Pro,Other,80.0,budget,2017.0,9.0,Available,176.0,5.0,67.9,294.0,1.7777777777777777,2800.0,,560.0,15.909090909090908,2.0,16.0,1,2.0,8.0,1.0,5.0,0,0,0,4.0,0,1,IPS LCD,Li-Po,Android,1,1,1,0,0,1,1,2.0,1,0,1,0,0,0,0,30.40167380932844,38.00209226166055,40.0,5.0,35.0,1,Entry,0.38002092261660547,19.55453646636535,180.0,1.9433900837806,0.5555555555555556,109.03999352234094,29.039993522340936,0.2663242410812415,0.793548834352002,0.1772637802030422,False,1.9778751700127695,True,False,False,True
Micromax,Canvas 6,Other,90.0,budget,2016.0,10.0,Available,162.0,5.5,72.2,401.0,1.7777777777777777,3000.0,,545.4545454545455,18.51851851851852,3.0,32.0,1,1.0,13.0,1.0,8.0,0,0,0,4.0,0,1,IPS LCD,Li-Ion,Android,1,1,1,0,1,1,1,4.0,1,0,1,0,1,1,0,34.15002662446571,37.94447402718412,30.0,2.8125,33.333333333333336,1,Entry,0.3794447402718412,19.55453646636535,180.0,1.9404435432386886,0.5,204.71307727659482,114.71307727659482,0.5603602798740701,1.7157550803715287,0.1772637802030422,True,1.9716975670514076,True,True,True,True
Micromax,Bharat 5 Pro,Other,88.0,budget,2018.0,8.0,Available,170.0,5.2,67.8,282.0,1.7777777777777777,5000.0,,961.5384615384615,29.41176470588235,3.0,32.0,1,1.0,13.0,1.0,5.0,0,0,0,4.0,0,1,Other,Li-Po,Android,1,1,1,0,1,1,1,1.0,0,0,1,0,0,0,0,33.3892995288547,37.94238582824398,29.333333333333332,2.75,56.81818181818182,1,Entry,0.3794238582824398,19.55453646636535,180.0,1.9403367547733248,0.5111111111111111,142.6574828878713,54.65748288787131,0.3831378612703552,1.1599197411320885,0.1772637802030422,False,1.9714736784842941,True,False,False,True
Panasonic,Eluga I2 Activ,Other,79.19999999999999,budget,2017.0,9.0,Available,133.0,5.0,67.7,294.0,1.7777777777777777,2200.0,,440.0,16.541353383458645,2.0,16.0,1,1.0,8.0,1.0,5.0,0,0,0,4.0,0,1,IPS LCD,Li-Ion,Android,1,1,1,0,1,1,1,2.0,0,0,1,0,1,0,0,29.957961363483463,37.825708792277105,39.599999999999994,4.949999999999999,27.777777777777786,1,Entry,0.3782570879227711,19.55453646636535,180.0,1.9343700044917436,0.56,96.94334298616393,17.74334298616394,0.18302796705387317,0.5323007761426601,0.1772637802030422,False,1.95896402057024,True,False,False,True
Infinix,S5 lite,Other,100.0,budget,2019.0,7.0,Available,178.0,6.6,84.4,266.0,2.2222222222222223,4000.0,,606.0606060606061,22.471910112359552,4.0,64.0,1,3.0,16.0,1.0,16.0,0,0,0,4.0,0,1,IPS LCD,Li-Po,Android,1,1,1,0,1,1,1,4.0,1,0,1,0,1,1,0,37.69811163945329,37.69811163945329,25.0,1.5625,40.0,1,Entry,0.37698111639453286,19.55453646636535,180.0,1.927844810041684,0.4444444444444444,166.3395130352482,66.33951303524819,0.3988199305428441,1.2091045359381085,0.1772637802030422,False,1.9452835502068484,True,False,False,True
Honor,Play 3e,Honor,90.0,budget,2019.0,7.0,Available,146.0,5.71,78.1,295.0,2.111111111111111,3020.0,,528.8966725043783,20.684931506849313,3.0,64.0,1,1.0,13.0,1.0,5.0,0,0,0,4.0,0,1,IPS LCD,Li-Po,Android,1,1,1,0,1,1,1,2.0,0,0,1,0,1,0,0,33.83876454137517,37.59862726819463,30.0,1.40625,33.55555555555556,1,Entry,0.37598627268194634,19.55453646636535,180.0,1.9227572759326668,0.5,112.49214629457788,22.49214629457788,0.19994414752900844,0.5853562021272106,0.1772637802030422,False,1.9346172229220702,True,False,False,True
alcatel,1S (2020),alcatel,94.6,budget,2020.0,6.0,Available,165.0,6.22,81.6,270.0,2.111111111111111,4000.0,,643.0868167202573,24.24242424242424,3.0,32.0,1,3.0,13.0,1.0,5.0,0,1,0,4.0,0,1,IPS LCD,Li-Po,Android,1,1,1,0,1,1,1,4.0,1,0,1,0,1,1,0,35.533788550909875,37.562144345570694,31.53333333333333,2.95625,42.28329809725159,1,Entry,0.37562144345570697,19.55453646636535,180.0,1.9208915747084678,0.4744444444444445,161.27937485784724,66.67937485784725,0.4134401867357119,1.2549590904846282,0.1772637802030422,False,1.9307056658796033,True,False,False,True
alcatel,Fierce 4,alcatel,80.0,budget,2016.0,10.0,Available,163.9,5.5,71.8,267.0,1.7777777777777777,2500.0,,454.54545454545456,15.25320317266626,2.0,16.0,1,1.0,8.0,1.0,5.0,0,0,0,4.0,0,1,IPS LCD,Li-Ion,Android,1,1,1,0,1,1,1,3.0,0,0,1,0,1,1,0,29.95777184155405,37.447214801942565,40.0,5.0,31.25,1,Entry,0.37447214801942563,19.55453646636535,180.0,1.9150141894876107,0.5555555555555556,139.73454938728494,59.73454938728494,0.427485898435369,1.2990116600689292,0.1772637802030422,False,1.918383367296235,True,False,False,True
ZTE,Blade A520,ZTE,80.0,budget,2017.0,9.0,Available,130.0,5.0,67.4,294.0,1.7777777777777777,2400.0,,480.0,18.46153846153846,2.0,16.0,1,1.0,8.0,1.0,8.0,0,0,0,4.0,0,1,IPS LCD,Li-Ion,Android,1,1,1,0,1,1,1,1.0,0,0,1,0,0,0,0,29.94680180030569,37.43350225038211,40.0,5.0,30.0,1,Entry,0.3743350225038211,19.55453646636535,180.0,1.9143129429209105,0.5555555555555556,91.89252596628768,11.892525966287678,0.12941777191597337,0.36415928910089324,0.1772637802030422,False,1.9169131608607646,True,False,False,True
Infinix,Hot 9 Pro,Other,110.0,budget,2020.0,6.0,Available,185.0,6.6,83.0,266.0,2.2222222222222223,5000.0,,757.5757575757576,27.027027027027028,4.0,64.0,1,4.0,48.0,1.0,8.0,0,0,0,4.0,0,1,IPS LCD,Li-Po,Android,1,1,1,0,1,1,1,5.0,1,0,1,1,1,1,0,40.96779642698111,37.243451297255554,27.5,1.71875,45.45454545454545,0,Mid-range,0.37243451297255553,13.739315788095876,300.0,2.7107209610484615,0.6333333333333333,165.33199152210892,55.33199152210892,0.3346720196902103,0.9656447113842354,0.12542345316532752,False,4.182290988006178,True,True,True,True
TECNO,Camon 12 Pro,Other,110.0,budget,2019.0,7.0,Available,161.0,6.35,81.3,276.0,2.2222222222222223,3500.0,,551.1811023622048,21.73913043478261,6.0,64.0,1,3.0,16.0,1.0,32.0,0,0,0,4.0,0,1,AMOLED,Li-Po,Android,1,1,1,0,1,1,1,4.0,1,0,1,0,1,0,0,40.85259129543346,37.138719359484966,18.333333333333332,1.71875,31.818181818181817,1,Entry,0.3713871935948497,19.55453646636535,180.0,1.8992380322266997,0.3888888888888889,186.00565348327368,76.00565348327368,0.4086201255711208,1.2398415881184845,0.1772637802030422,False,1.885307686026058,True,False,False,True
Coolpad,Note 6,Other,99.0,budget,2018.0,8.0,Available,170.0,5.5,71.0,401.0,1.7777777777777777,4070.0,,740.0,23.941176470588236,4.0,64.0,1,1.0,13.0,2.0,8.0,0,0,0,4.0,0,1,IPS LCD,Li-Ion,Android,1,1,1,0,1,1,1,3.0,1,0,1,0,1,0,0,36.718052422347654,37.0889418407552,24.75,1.546875,41.111111111111114,1,Entry,0.3708894184075521,19.55453646636535,180.0,1.8966924582717564,0.45,183.35351083737407,84.35351083737407,0.46005942538068806,1.4011743409674562,0.1772637802030422,False,1.879970734106088,True,False,False,True
Realme,3,Realme,99.0,budget,2019.0,7.0,Available,175.0,6.22,81.8,270.0,2.111111111111111,4230.0,10.0,680.0643086816721,24.17142857142857,4.0,64.0,1,1.0,13.0,1.0,13.0,0,0,0,4.0,0,1,IPS LCD,Li-Ion,Android,1,1,1,0,1,1,1,4.0,1,0,1,0,1,1,0,36.68552233142769,37.056083163058275,24.75,1.546875,42.72727272727273,1,Entry,0.37056083163058273,19.55453646636535,180.0,1.8950120974126052,0.45,166.13477786660113,67.13477786660113,0.40409827929289666,1.2256593984167092,0.1772637802030422,False,1.8764477545061147,True,False,False,True
vivo,Y90,vivo,90.0,budget,2019.0,7.0,Available,163.5,6.22,82.9,270.0,2.111111111111111,4030.0,,647.9099678456591,24.648318042813457,2.0,32.0,1,1.0,8.0,1.0,5.0,0,0,0,4.0,0,1,IPS LCD,Li-Po,Android,1,1,1,0,1,1,1,3.0,0,0,1,0,1,1,0,33.31226326444273,37.01362584938081,45.0,2.8125,44.77777777777778,1,Entry,0.3701362584938081,19.55453646636535,180.0,1.8928408716333343,0.5,108.5136611186411,18.513661118641096,0.17061133987912894,0.49335762080001583,0.1772637802030422,False,1.8718956464957126,True,False,False,True
Yezz,Max 1 Plus,Other,83.7,budget,2019.0,7.0,Available,104.9,5.45,72.7,295.0,2.0,2000.0,,366.9724770642202,19.06577693040991,2.0,16.0,1,2.0,8.0,1.0,8.0,0,0,0,4.0,0,1,LCD/TFT,Li-Ion,Android,1,1,1,0,1,1,1,1.0,0,0,1,0,0,0,0,30.94892399663232,36.976014332894046,41.85,5.23125,23.894862604540023,1,Entry,0.36976014332894047,19.55453646636535,180.0,1.8909174552152845,0.535,77.38532018083902,-6.314679819160986,-0.08160048707434994,-0.29767236005336206,0.1772637802030422,False,1.8678630860095875,True,False,False,True
Xiaomi,Redmi 7A,Xiaomi,92.0,budget,2019.0,7.0,Available,165.0,5.45,74.4,295.0,2.0,4000.0,10.0,733.9449541284404,24.24242424242424,3.0,32.0,1,1.0,13.0,1.0,5.0,0,0,0,4.0,0,1,IPS LCD,Li-Po,Android,1,1,1,0,1,1,1,3.0,0,0,1,0,1,1,0,33.96575799160178,36.91930216478454,30.666666666666668,2.875,43.47826086956522,1,Entry,0.3691930216478454,19.55453646636535,180.0,1.8880172500272425,0.4888888888888889,111.00197209296991,19.001972092969908,0.17118589638258652,0.4951596434308303,0.1772637802030422,False,1.8617826279594218,True,False,False,True
Micromax,Canvas 5 Lite Q462,Other,80.0,budget,2016.0,10.0,Available,151.0,5.0,65.1,294.0,1.7777777777777777,2000.0,,400.0,13.245033112582782,2.0,16.0,1,1.0,8.0,1.0,5.0,0,0,0,4.0,0,1,Other,Li-Ion,Android,1,1,1,0,1,1,1,2.0,0,0,1,0,1,0,0,29.173967876598013,36.46745984574752,40.0,5.0,25.0,1,Entry,0.3646745984574752,19.55453646636535,180.0,1.8649104727423804,0.5555555555555556,140.53131896566055,60.531318965660546,0.4307318782118002,1.3091922584628122,0.1772637802030422,False,1.8133378522123695,True,False,False,True
Panasonic,P99,Other,81.94999999999999,budget,2017.0,9.0,Available,145.0,5.0,66.4,294.0,1.7777777777777777,2000.0,,400.0,13.79310344827586,2.0,16.0,1,1.0,8.0,1.0,5.0,0,0,0,4.0,0,1,IPS LCD,Li-Ion,Android,1,1,1,0,1,1,1,2.0,0,0,1,0,1,0,0,29.758742091469475,36.31329114273274,40.974999999999994,5.121874999999999,24.40512507626602,1,Entry,0.3631329114273274,19.55453646636535,180.0,1.857026435026633,0.5447222222222223,95.45189407357621,13.501894073576224,0.1414523431370434,0.4019041750468548,0.1772637802030422,False,1.7968084836028013,True,False,False,True
Honor,9S,Honor,90.0,budget,2020.0,6.0,Available,144.0,5.45,73.8,295.0,2.0,3020.0,,554.1284403669724,20.97222222222222,2.0,32.0,1,1.0,8.0,1.0,5.0,0,0,0,4.0,0,1,Other,Li-Po,Android,1,1,1,0,1,1,1,2.0,0,0,1,0,1,0,0,32.56637422012438,36.18486024458264,45.0,2.8125,33.55555555555556,1,Entry,0.36184860244582645,19.55453646636535,180.0,1.8504586036504709,0.5,92.12400324866366,2.124003248663655,0.0230559156545823,0.03056899661434422,0.1772637802030422,False,1.7830386223088566,True,False,False,True
BlackBerry,Leap,Other,80.0,budget,2015.0,11.0,Available,170.0,5.0,65.7,294.0,1.7777777777777777,2800.0,,560.0,16.470588235294116,2.0,16.0,1,1.0,8.0,1.0,2.0,0,0,0,4.0,0,1,IPS LCD,Li-Ion,BlackBerry,1,1,1,0,1,1,1,2.0,0,0,1,0,1,0,0,28.939084773871325,36.17385596733916,40.0,5.0,35.0,1,Entry,0.3617385596733916,19.55453646636535,180.0,1.8498958556015765,0.5555555555555556,139.8864124846832,59.886412484683206,0.42810742959928605,1.3009610126850686,0.1772637802030422,False,1.7818587865102644,True,False,False,True
Asus,Pegasus,Asus,80.0,budget,2014.0,12.0,Available,140.0,5.0,64.7,294.0,1.7777777777777777,2500.0,,500.0,17.857142857142858,2.0,16.0,1,1.0,8.0,1.0,5.0,0,0,0,4.0,0,1,IPS LCD,Li-Po,Android,1,1,1,0,0,1,1,3.0,0,0,1,0,1,1,0,28.919777092464027,36.149721365580035,40.0,5.0,31.25,1,Entry,0.36149721365580034,19.55453646636535,180.0,1.8486616355114898,0.5555555555555556,169.67324763238622,89.67324763238622,0.5285055180099584,1.615846713774172,0.1772637802030422,False,1.7792711683950404,True,True,True,True
Meizu,C9,Other,90.0,budget,2018.0,8.0,Available,150.0,5.45,73.6,295.0,2.0,3000.0,,550.4587155963303,20.0,2.0,16.0,1,1.0,13.0,1.0,8.0,0,0,0,4.0,0,1,IPS LCD,Li-Ion,Android,1,1,1,0,0,1,1,3.0,0,0,1,0,1,1,0,32.48268430952507,36.09187145502786,45.0,5.625,33.333333333333336,1,Entry,0.3609187145502786,19.55453646636535,180.0,1.8457032472801103,0.5,92.86472649224004,2.864726492240038,0.030848381300939063,0.055009063622681514,0.1772637802030422,False,1.7730687260260738,True,False,False,True
YU,Yunique Plus,Other,80.0,budget,2016.0,10.0,Available,128.0,4.7,,312.0,1.7777777777777777,2000.0,,425.531914893617,15.625,2.0,8.0,1,1.0,8.0,1.0,2.0,0,0,0,4.0,0,1,IPS LCD,Li-Po,Android,1,1,1,0,1,1,1,2.0,0,0,1,0,1,0,0,28.758625296364627,35.94828162045579,40.0,10.0,25.0,1,Entry,0.35948281620455785,19.55453646636535,180.0,1.8383602026204198,0.5555555555555556,232.95921970454847,152.95921970454847,0.6565922563551666,2.0175743068242418,0.1772637802030422,True,1.7576735825383512,True,True,True,True
Xiaomi,Redmi 6A,Xiaomi,90.0,budget,2018.0,8.0,Available,145.0,5.45,72.7,295.0,2.0,3000.0,,550.4587155963303,20.689655172413794,2.0,32.0,1,1.0,13.0,1.0,5.0,0,0,0,4.0,0,1,IPS LCD,Li-Ion,Android,1,1,1,0,1,1,1,3.0,0,0,1,0,1,1,0,32.28816450697045,35.87573834107828,45.0,2.8125,33.333333333333336,1,Entry,0.35875738341078284,19.55453646636535,180.0,1.8346504097801606,0.5,101.6154457955517,11.615445795551693,0.11430787617584973,0.3167690430431174,0.1772637802030422,False,1.7498957743222265,True,False,False,True
YU,Yureka Black,Other,99.0,budget,2017.0,9.0,Available,152.0,5.0,69.7,441.0,1.7777777777777777,3000.0,,600.0,19.73684210526316,4.0,32.0,1,1.0,13.0,1.0,8.0,0,0,0,4.0,0,1,IPS LCD,Li-Po,Android,1,1,1,0,1,1,1,3.0,1,0,1,0,1,0,0,35.51177354945666,35.87047833278451,24.75,3.09375,30.303030303030305,0,Mid-range,0.35870478332784506,13.739315788095876,300.0,2.6107907326697943,0.67,216.24788021702634,117.24788021702634,0.5421920441456184,1.5602766817146956,0.12542345316532752,False,3.9379862164545667,True,False,False,True
Realme,Narzo 10A,Realme,100.0,budget,2020.0,6.0,Available,195.0,6.5,83.3,269.0,2.2222222222222223,5000.0,10.0,769.2307692307693,25.64102564102564,3.0,32.0,1,3.0,12.0,1.0,5.0,0,0,0,4.0,0,1,IPS LCD,Li-Po,Android,1,1,1,0,1,1,1,4.0,1,0,1,0,1,1,0,35.66836506533663,35.66836506533663,33.333333333333336,3.125,50.0,1,Entry,0.3566836506533663,19.55453646636535,180.0,1.8240455418970307,0.4444444444444444,137.2638993537059,37.26389935370591,0.27147632792860654,0.8097076926000643,0.1772637802030422,False,1.727662018394613,True,False,False,True
Panasonic,P55 Max,Other,93.5,budget,2017.0,9.0,Available,180.0,5.5,70.7,267.0,1.7777777777777777,5000.0,,909.0909090909092,27.77777777777778,3.0,16.0,1,1.0,13.0,1.0,5.0,0,0,0,4.0,0,1,IPS LCD,Li-Ion,Android,1,1,1,0,1,1,1,2.0,0,0,1,0,1,0,0,33.1054240916512,35.40687068625797,31.166666666666668,5.84375,53.475935828877006,1,Entry,0.3540687068625797,19.55453646636535,180.0,1.8106729733614153,0.48055555555555557,170.1430445934313,76.64304459343131,0.4504624022485034,1.371074511327422,0.1772637802030422,False,1.699625608302307,True,False,False,True
Xiaomi,Redmi Y3,Xiaomi,110.0,budget,2019.0,7.0,Available,180.0,6.26,81.5,269.0,2.111111111111111,4000.0,10.0,638.9776357827476,22.22222222222222,4.0,64.0,1,2.0,12.0,1.0,32.0,0,0,0,4.0,0,1,IPS LCD,Li-Po,Android,1,1,1,0,1,1,1,5.0,1,0,1,1,1,1,0,38.87085915750606,35.33714468864188,27.5,1.71875,36.36363636363637,1,Entry,0.35337144688641875,19.55453646636535,180.0,1.8071072535737833,0.3888888888888889,153.20742073668075,43.207420736680746,0.28201911192631984,0.8427737796451843,0.1772637802030422,False,1.6921498580772063,True,False,False,True
Xiaomi,Redmi Y1 Lite,Xiaomi,90.0,budget,2017.0,9.0,Available,150.0,5.5,71.5,267.0,1.7777777777777777,3080.0,,560.0,20.533333333333335,2.0,16.0,1,1.0,13.0,1.0,5.0,0,0,0,4.0,0,1,IPS LCD,Li-Ion,Android,1,1,1,0,1,1,1,4.0,0,0,1,1,1,1,0,31.73823427109495,35.26470474566106,45.0,5.625,34.22222222222222,1,Entry,0.3526470474566106,19.55453646636535,180.0,1.8034027452564718,0.5,189.69325214497255,99.69325214497255,0.5255498074796159,1.6065765075651026,0.1772637802030422,False,1.6843831291875477,True,False,False,True
Huawei,Y5 (2019),Huawei,92.99,budget,2019.0,7.0,Available,146.0,5.71,78.1,295.0,2.111111111111111,3020.0,,528.8966725043783,20.684931506849313,2.0,32.0,1,1.0,13.0,1.0,5.0,0,0,0,4.0,0,1,IPS LCD,Li-Ion,Android,1,1,1,1,1,1,1,2.0,0,0,1,0,1,0,0,32.598588445573206,35.05601510439102,46.495,2.9059375,32.476610388213786,1,Entry,0.3505601510439102,19.55453646636535,180.0,1.7927305597189118,0.4833888888888889,91.79357437998821,-1.1964256200117802,-0.013033871140686415,-0.08262198139212998,0.1772637802030422,False,1.6620082376687406,True,False,False,True
Motorola,Moto E6 Play,Motorola,93.99,budget,2019.0,7.0,Available,140.0,5.5,74.1,295.0,2.0,3000.0,,545.4545454545455,21.428571428571427,2.0,32.0,1,1.0,13.0,1.0,5.0,0,0,0,4.0,0,1,IPS LCD,Li-Po,Android,1,1,1,0,1,1,1,3.0,1,0,1,0,1,0,0,32.87636357884737,34.9785759962202,46.995,2.9371875,31.91828917969997,1,Entry,0.349785759962202,19.55453646636535,180.0,1.7887703989498738,0.4778333333333334,102.75179662213918,8.761796622139187,0.08527146882268087,0.22570008315304585,0.1772637802030422,False,1.6537055177345332,True,False,False,True
Realme,C2 2020,Realme,100.0,budget,2019.0,7.0,Available,166.0,6.1,80.3,282.0,2.1666666666666665,4000.0,,655.7377049180328,24.096385542168676,3.0,64.0,1,2.0,13.0,1.0,5.0,0,0,0,4.0,0,1,IPS LCD,Li-Po,Android,1,1,1,0,1,1,1,3.0,0,0,1,0,1,1,0,34.947444560204005,34.947444560204005,33.333333333333336,1.5625,40.0,1,Entry,0.34947444560204005,19.55453646636535,180.0,1.7871783675524666,0.4444444444444444,135.15711389429964,35.15711389429964,0.26012033611338026,0.7740910837491777,0.1772637802030422,False,1.6503677262684693,True,False,False,True
Panasonic,Eluga Ray 800,Other,110.0,budget,2019.0,7.0,Available,162.0,5.5,72.5,401.0,1.7777777777777777,4000.0,,727.2727272727273,24.69135802469136,4.0,64.0,1,1.0,13.0,1.0,8.0,0,0,0,4.0,0,1,IPS LCD,Li-Ion,Android,1,1,1,0,1,1,1,4.0,1,0,1,0,1,1,0,37.71759632220395,34.28872392927632,27.5,1.71875,36.36363636363637,0,Mid-range,0.3428872392927632,13.739315788095876,300.0,2.495664591899476,0.6333333333333333,228.5982650598086,118.5982650598086,0.5188064967543805,1.493267273061237,0.12542345316532752,False,3.6565311855110405,True,False,False,True
Vodafone,Smart X9,Other,110.0,budget,2018.0,8.0,Available,153.0,5.7,78.2,427.0,2.0,3100.0,,543.859649122807,20.26143790849673,3.0,32.0,1,1.0,16.0,1.0,8.0,0,0,0,4.0,0,1,IPS LCD,Li-Ion,Android,1,1,1,1,1,1,1,5.0,1,0,1,1,1,1,0,36.52714599260335,33.20649635691213,36.666666666666664,3.4375,28.181818181818183,0,Mid-range,0.33206496356912135,13.739315788095876,300.0,2.4168959261918386,0.6333333333333333,214.77289431205799,104.77289431205799,0.48783108616968396,1.4045097207425645,0.12542345316532752,False,3.4639612175108696,True,False,False,True
Micromax,Evok Dual Note E4815,Other,110.0,budget,2017.0,9.0,Available,,5.5,70.9,401.0,1.7777777777777777,3000.0,,545.4545454545455,,3.0,32.0,1,2.0,13.0,1.0,5.0,0,0,0,4.0,0,1,IPS LCD,Li-Po,Android,1,1,1,0,1,1,1,5.0,1,0,1,1,1,1,0,34.77043087592692,31.609482614479017,36.666666666666664,3.4375,27.272727272727273,0,Mid-range,0.3160948261447902,13.739315788095876,300.0,2.300659152318658,0.6333333333333333,200.0450990687011,90.04509906870109,0.4501239944787504,1.2964630766345924,0.12542345316532752,False,3.1797909624467287,True,False,False,True
Realme,1,Realme,130.0,budget,2018.0,8.0,Available,155.0,6.0,78.9,402.0,2.0,3410.0,,568.3333333333334,22.0,6.0,128.0,1,1.0,13.0,1.0,8.0,0,0,0,4.0,0,1,IPS LCD,Li-Ion,Android,1,1,1,0,1,1,1,4.0,0,0,1,1,1,1,0,39.51936690409224,30.399513003147877,21.666666666666668,1.015625,26.23076923076923,0,Mid-range,0.30399513003147877,13.739315788095876,300.0,2.2125929319920616,0.5666666666666667,334.7821862762738,204.78218627627382,0.6116878217268122,1.759411253239539,0.12542345316532752,True,2.964490765625642,True,False,False,True
Xiaomi,Redmi 9,Xiaomi,130.0,budget,2020.0,6.0,Available,198.0,6.53,83.2,395.0,2.1666666666666665,5020.0,18.0,768.7595712098009,25.353535353535353,4.0,64.0,1,4.0,13.0,1.0,8.0,0,1,0,4.0,0,1,IPS LCD,Li-Po,Android,1,1,1,1,1,1,1,4.0,1,0,1,0,1,1,0,39.36396795965098,30.279975353577676,32.5,2.03125,38.61538461538461,0,Mid-range,0.30279975353577676,13.739315788095876,300.0,2.203892524241497,0.5666666666666667,249.70935461095615,119.70935461095615,0.47939475394288583,1.380336088017009,0.12542345316532752,False,2.9432204136771496,True,False,False,True
ZTE,Zmax Pro,ZTE,110.0,budget,2016.0,10.0,Available,,6.0,71.7,367.0,1.7777777777777777,3400.0,,566.6666666666666,,2.0,32.0,1,1.0,13.0,1.0,5.0,0,1,0,4.0,0,1,IPS LCD,Li-Ion,Android,1,1,1,0,1,1,1,5.0,1,0,1,1,1,1,0,33.23990510108572,30.21809554644156,55.0,3.4375,30.90909090909091,1,Entry,0.3021809554644156,19.55453646636535,180.0,1.545324052984738,0.3888888888888889,261.7235959595572,151.7235959595572,0.5797092746005303,1.7764407155888935,0.1772637802030422,True,1.1433053225309104,False,False,False,True
Xiaomi,Redmi Note 7S,Xiaomi,140.0,budget,2019.0,7.0,Available,186.0,6.3,81.4,409.0,2.1666666666666665,4000.0,18.0,634.9206349206349,21.50537634408602,4.0,64.0,1,2.0,48.0,1.0,13.0,0,0,0,4.0,0,1,IPS LCD,Li-Po,Android,1,1,1,0,1,1,1,5.0,1,0,1,1,1,1,0,41.85020042232257,29.89300030165898,35.0,2.1875,28.571428571428573,0,Mid-range,0.2989300030165898,13.739315788095876,300.0,2.175726998542322,0.5333333333333333,227.10793289114872,87.10793289114872,0.3835530172030537,1.1057092855816335,0.12542345316532752,False,2.8743626472814414,True,False,False,True
Xiaomi,Redmi Note 9 Pro (India),Xiaomi,153.989,mid_range,2020.0,6.0,Available,209.0,6.67,84.5,395.0,2.2222222222222223,5020.0,18.0,752.6236881559221,24.019138755980865,6.0,128.0,1,4.0,48.0,1.0,16.0,0,1,0,4.0,0,1,IPS LCD,Li-Po,Android,1,1,1,0,1,1,1,5.0,1,0,1,1,1,1,0,45.88017318816415,29.79444842694228,25.664833333333338,1.2030390625,32.59973114962757,0,Mid-range,0.2979444842694228,13.739315788095876,300.0,2.168554015823482,0.4867033333333333,210.71162457655504,56.722624576555035,0.26919551633918876,0.778027047497861,0.12542345316532752,False,2.856826472963601,True,False,False,True
Realme,U1,Realme,130.0,budget,2018.0,8.0,Available,168.0,6.3,83.9,409.0,2.1666666666666665,3500.0,10.0,555.5555555555555,20.833333333333332,4.0,64.0,1,2.0,13.0,1.0,25.0,0,0,0,4.0,0,1,IPS LCD,Li-Ion,Android,1,1,1,0,1,1,1,4.0,1,0,1,0,1,1,0,38.605668458363205,29.696668044894775,32.5,2.03125,26.923076923076923,0,Mid-range,0.29696668044894775,13.739315788095876,300.0,2.161437185294539,0.5666666666666667,251.37212824104685,121.37212824104685,0.4828384478833714,1.3902037165430745,0.12542345316532752,False,2.839427576906279,True,False,False,True
Xiaomi,Redmi Note 8,Xiaomi,149.98,budget,2019.0,7.0,Available,,6.3,81.7,409.0,2.1666666666666665,4000.0,18.0,634.9206349206349,,6.0,128.0,1,4.0,48.0,1.0,13.0,0,1,0,4.0,0,1,IPS LCD,Li-Po,Android,1,1,1,0,1,1,1,5.0,1,0,1,1,1,1,0,44.34303467096951,29.5659652426787,24.996666666666663,1.17171875,26.670222696359517,0,Mid-range,0.295659652426787,13.739315788095876,300.0,2.1519241349918947,0.5000666666666667,218.1815901271505,68.20159012715052,0.3125909481519702,0.9023731735639756,0.12542345316532752,False,2.816170514267135,True,False,False,True
BenQ,F5,Other,100.0,budget,2014.0,12.0,Available,135.0,5.0,66.2,294.0,1.7777777777777777,2520.0,,504.0,18.666666666666668,2.0,16.0,1,1.0,13.0,1.0,2.0,0,0,0,4.0,0,1,IPS LCD,Li-Ion,Android,1,1,1,1,1,1,1,4.0,0,0,1,1,1,1,0,29.523836074167164,29.523836074167164,50.0,6.25,25.2,1,Entry,0.29523836074167165,19.55453646636535,180.0,1.5098202979625441,0.4444444444444444,238.82066326530617,138.82066326530617,0.5812757630234454,1.7813538052015154,0.1772637802030422,True,1.068869522634433,False,False,False,True
Lenovo,K10 Note,Lenovo,144.7638,budget,2019.0,7.0,Available,164.0,6.3,83.7,409.0,2.1666666666666665,4050.0,18.0,642.8571428571429,24.695121951219512,6.0,128.0,1,3.0,16.0,1.0,16.0,0,0,1,4.0,0,1,IPS LCD,Li-Po,Android,1,1,1,0,1,1,1,5.0,1,0,1,1,1,1,0,42.32414080935611,29.23668818403228,24.1273,1.1309671875,27.97660741152139,0,Mid-range,0.2923668818403227,13.739315788095876,300.0,2.127958090122927,0.517454,203.33945662251926,58.57565662251926,0.2880683247386635,0.8321055648539555,0.12542345316532752,False,2.757579443159779,True,False,False,True
vivo,S1 Pro,vivo,168.03240000000002,mid_range,2019.0,7.0,Available,186.7,6.38,83.4,404.0,2.1666666666666665,4500.0,18.0,705.3291536050157,24.102838778789504,8.0,128.0,1,4.0,48.0,1.0,32.0,0,1,0,4.0,0,1,AMOLED,Li-Po,Android,1,1,1,0,1,1,1,6.0,1,0,1,1,1,1,0,49.02029918480094,29.17312326956047,21.004050000000003,1.3127531250000002,26.78054946546023,2,Flagship,0.29173123269560475,11.47105764494602,500.0,2.543193851215081,0.6639352,353.25217314934764,185.21977314934762,0.5243273424139434,1.426251898944741,0.10723173092094943,False,3.2010160564623296,True,False,False,True
Xiaomi,Redmi Note 7,Xiaomi,150.0,budget,2019.0,7.0,Available,186.0,6.3,81.4,409.0,2.1666666666666665,4000.0,18.0,634.9206349206349,21.50537634408602,6.0,64.0,1,2.0,48.0,1.0,13.0,0,0,0,4.0,0,1,IPS LCD,Li-Po,Android,1,1,1,0,1,1,1,5.0,1,0,1,1,1,1,0,43.69951054296117,29.13300702864078,25.0,2.34375,26.666666666666668,0,Mid-range,0.2913300702864078,13.739315788095876,300.0,2.120411778720628,0.5,204.99471058707007,54.994710587070074,0.26827380291703407,0.7753859516820033,0.12542345316532752,False,2.7391305722514683,True,False,False,True
Xiaomi,Redmi Note 8T,Xiaomi,145.99,budget,2019.0,7.0,Available,200.0,6.3,80.2,409.0,2.1666666666666665,4000.0,18.0,634.9206349206349,20.0,4.0,128.0,1,4.0,48.0,1.0,13.0,0,1,0,4.0,0,1,IPS LCD,Li-Po,Android,1,1,1,1,1,1,1,5.0,1,0,1,1,1,1,0,42.43131426511591,29.064534738760123,36.4975,1.140546875,27.39913692718679,0,Mid-range,0.2906453473876012,13.739315788095876,300.0,2.1154281033370266,0.5133666666666666,211.5114324332967,65.5214324332967,0.3097772620586826,0.8943107819469077,0.12542345316532752,False,2.726946714615674,True,False,False,True
Haier,L7,Other,120.0,budget,2017.0,9.0,Available,160.0,5.5,72.2,401.0,1.7777777777777777,3000.0,18.0,545.4545454545455,18.75,3.0,32.0,1,1.0,13.0,1.0,5.0,0,0,0,4.0,0,1,IPS LCD,Li-Ion,Android,1,1,1,0,1,1,1,5.0,1,0,1,1,1,1,0,34.82459337264747,29.020494477206228,40.0,3.75,25.0,0,Mid-range,0.29020494477206227,13.739315788095876,300.0,2.1122226845059044,0.6,200.3838208732124,80.38382087321239,0.4011492570753661,1.156129898306305,0.12542345316532752,False,2.719110255838685,True,False,False,True
alcatel,Idol 5,alcatel,120.0,budget,2017.0,9.0,Available,155.0,5.2,69.3,423.0,1.7777777777777777,2800.0,,538.4615384615385,18.06451612903226,3.0,16.0,1,1.0,13.0,1.0,5.0,0,0,0,4.0,0,1,IPS LCD,Li-Ion,Android,1,1,1,0,1,1,1,5.0,1,0,1,1,1,1,0,34.659473933872356,28.88289494489363,40.0,7.5,23.333333333333332,0,Mid-range,0.2888289494489363,13.739315788095876,300.0,2.102207663784726,0.6,173.12442289783993,53.124422897839935,0.3068568952237805,0.8859427052290934,0.12542345316532752,False,2.694625999282192,True,False,False,True
Xiaomi,Redmi Note 9 Pro Max,Xiaomi,180.0,mid_range,2020.0,6.0,Available,209.0,6.67,84.6,395.0,2.2222222222222223,5020.0,33.0,752.6236881559221,24.019138755980865,8.0,128.0,1,4.0,64.0,1.0,32.0,0,1,0,4.0,0,1,IPS LCD,Li-Po,Android,1,1,1,0,1,1,1,5.0,1,0,1,1,1,1,0,51.71491552597096,28.730508625539414,22.5,1.40625,27.88888888888889,2,Flagship,0.2873050862553942,11.47105764494602,500.0,2.5046085125548694,0.64,299.8363746313061,119.83637463130611,0.3996725706767998,1.1227075124943333,0.10723173092094943,False,3.1209792623174306,True,False,False,True
Xiaomi,Redmi Note 4X,Xiaomi,130.0,budget,2017.0,9.0,Available,165.0,5.5,72.7,401.0,1.7777777777777777,4100.0,,745.4545454545455,24.848484848484848,4.0,64.0,1,1.0,13.0,1.0,5.0,0,0,0,4.0,0,1,IPS LCD,Li-Po,Android,1,1,1,0,1,1,1,5.0,1,0,1,1,1,1,0,36.8829804551968,28.371523427074465,32.5,2.03125,31.53846153846154,0,Mid-range,0.28371523427074463,13.739315788095876,300.0,2.0649880870819155,0.5666666666666667,188.9919553230999,58.99195532309989,0.3121400338032774,0.9010811146972849,0.12542345316532752,False,2.6036333103715674,True,False,False,True
Realme,Narzo 10,Realme,150.0,budget,2020.0,6.0,Available,199.0,6.5,82.9,269.0,2.2222222222222223,5000.0,18.0,769.2307692307693,25.12562814070352,4.0,128.0,1,4.0,48.0,1.0,16.0,0,1,0,4.0,0,1,IPS LCD,Li-Po,Android,1,1,1,0,1,1,1,5.0,1,0,1,1,1,1,0,42.46967239915879,28.313114932772525,37.5,1.171875,33.333333333333336,0,Mid-range,0.28313114932772526,13.739315788095876,300.0,2.0607368932668244,0.5,188.48784044574376,38.48784044574376,0.2041926967528841,0.5917666864118614,0.12542345316532752,False,2.593240189584512,True,False,False,True
vivo,Z5x (2020),vivo,160.0,mid_range,2020.0,6.0,Available,204.1,6.53,83.4,395.0,2.1666666666666665,5000.0,18.0,765.6967840735068,24.49779519843214,8.0,128.0,1,3.0,16.0,1.0,16.0,0,1,0,4.0,0,1,IPS LCD,Li-Po,Android,1,1,1,0,0,1,1,5.0,1,0,1,1,1,1,0,45.21516900501194,28.25948062813246,20.0,1.25,31.25,0,Mid-range,0.2825948062813246,13.739315788095876,300.0,2.05683318325191,0.4666666666666667,237.33785847374114,77.33785847374114,0.32585555027369445,0.9403818260590286,0.12542345316532752,False,2.5836965810201087,True,False,False,True
Panasonic,Eluga Ray 700,Other,130.0,budget,2017.0,9.0,Available,182.0,5.5,71.9,401.0,1.7777777777777777,5000.0,,909.0909090909092,27.47252747252747,3.0,32.0,1,1.0,13.0,1.0,13.0,0,0,0,4.0,0,1,IPS LCD,Li-Ion,Android,1,1,1,0,1,1,1,4.0,1,0,1,0,1,1,0,36.6443796701086,28.187984361622,43.333333333333336,4.0625,38.46153846153846,0,Mid-range,0.28187984361622,13.739315788095876,300.0,2.0516294112727835,0.5666666666666667,224.9111352343375,94.91113523433751,0.4219939361181406,1.2158586526886297,0.12542345316532752,False,2.5709746414709485,True,False,False,True
YU,Yureka 2,Other,132.0,budget,2017.0,9.0,Available,,5.5,71.4,401.0,1.7777777777777777,3930.0,10.0,714.5454545454545,,4.0,64.0,1,1.0,16.0,1.0,8.0,0,0,0,4.0,0,1,IPS LCD,Li-Ion,Android,1,1,1,0,1,1,1,5.0,1,0,1,1,1,1,0,36.6770406513544,27.785636857086665,33.0,2.0625,29.772727272727273,0,Mid-range,0.2778563685708667,13.739315788095876,300.0,2.0223450196232413,0.56,261.41971484360846,129.41971484360846,0.4950648611985229,1.4252375223588853,0.12542345316532752,False,2.499381523672205,True,False,False,True
Lenovo,K5 Pro,Lenovo,150.0,budget,2018.0,8.0,Available,165.0,5.99,79.1,403.0,2.0,4050.0,18.0,676.126878130217,24.545454545454547,6.0,128.0,1,2.0,16.0,2.0,16.0,0,0,0,4.0,0,1,IPS LCD,Li-Ion,Android,1,1,1,0,1,1,1,4.0,1,0,1,0,1,1,0,41.073602929754315,27.382401953169545,25.0,1.171875,27.0,0,Mid-range,0.27382401953169544,13.739315788095876,300.0,1.9929960396495447,0.5,291.5961822233399,141.5961822233399,0.4855899728991935,1.398087990582968,0.12542345316532752,False,2.427630503344531,True,False,False,True
Huawei,Y9 Prime (2019),Huawei,147.1167,budget,2019.0,7.0,Available,196.8,6.59,84.3,391.0,2.1666666666666665,4000.0,,606.9802731411229,20.32520325203252,4.0,128.0,1,3.0,16.0,1.0,16.0,0,1,0,4.0,0,1,IPS LCD,Li-Po,Android,1,1,1,0,1,1,1,5.0,1,0,1,1,1,1,0,40.252068404455464,27.36063846215655,36.779175,1.14934921875,27.189299379336266,0,Mid-range,0.2736063846215655,13.739315788095876,300.0,1.9914120094584744,0.5096109999999999,267.23274558789564,120.11604558789563,0.44948101447540684,1.2946206690535667,0.12542345316532752,False,2.4237579400547338,True,False,False,True
ZTE,Max XL,ZTE,120.0,budget,2017.0,9.0,Available,180.0,6.0,71.7,367.0,1.7777777777777777,,18.0,,,2.0,32.0,1,1.0,13.0,1.0,5.0,0,0,0,4.0,0,1,IPS LCD,Unknown,Android,1,1,1,0,1,1,1,4.0,1,0,1,0,1,1,0,32.05228028578688,26.710233571489063,60.0,3.75,,1,Entry,0.26710233571489067,19.55453646636535,180.0,1.3659353990534024,0.3333333333333333,268.62500610380715,148.62500610380715,0.5532806057764134,1.6935505924473737,0.1772637802030422,True,0.7672060074194758,False,False,False,True
TECNO,Phantom 9,Other,165.0,mid_range,2019.0,7.0,Available,164.4,6.39,84.0,403.0,2.1666666666666665,3500.0,,547.7308294209703,21.289537712895378,6.0,128.0,1,3.0,16.0,1.0,32.0,0,1,0,4.0,0,1,AMOLED,Li-Ion,Android,1,1,1,0,1,1,1,6.0,1,0,1,1,1,1,0,44.00525661236813,26.66985249234432,27.5,1.2890625,21.21212121212121,0,Mid-range,0.2666985249234432,13.739315788095876,300.0,1.9411339621039803,0.45,353.7254105339672,188.7254105339672,0.5335364803141404,1.5354748584258842,0.12542345316532752,False,2.3008405098407647,True,False,False,True
Xiaomi,Mi CC9e,Xiaomi,170.0,mid_range,2019.0,7.0,Available,173.8,6.01,80.3,286.0,2.1666666666666665,4030.0,18.0,670.5490848585691,23.187571921749136,6.0,128.0,1,3.0,48.0,1.0,32.0,0,1,0,4.0,0,1,AMOLED,Li-Po,Android,1,1,1,0,1,1,1,6.0,1,0,1,1,1,1,0,45.31481983085514,26.65577637109126,28.333333333333332,1.328125,23.705882352941178,0,Mid-range,0.2665577637109126,13.739315788095876,300.0,1.9401094481128793,0.43333333333333335,316.09270193076765,146.09270193076765,0.4621830907148425,1.331017448792605,0.12542345316532752,False,2.2983358257165687,True,False,False,True
Xiaomi,Redmi 5 Plus (Redmi Note 5),Xiaomi,138.57,budget,2018.0,8.0,Available,180.0,5.99,77.4,403.0,2.0,4000.0,10.0,667.779632721202,22.22222222222222,4.0,64.0,1,1.0,12.0,1.0,5.0,0,0,0,4.0,0,1,IPS LCD,Li-Po,Android,1,1,1,0,1,1,1,5.0,1,0,1,1,1,1,0,36.909497843047454,26.635994690804253,34.6425,2.16515625,28.866276971927547,0,Mid-range,0.26635994690804254,13.739315788095876,300.0,1.9386696616932275,0.5381,242.37874558058584,103.80874558058585,0.4282914548960384,1.2339036871807065,0.12542345316532752,False,2.2948159028859787,True,False,False,True
Xiaomi,Redmi 10X 5G,Xiaomi,200.0,mid_range,2020.0,6.0,Available,205.0,6.57,83.7,401.0,2.2222222222222223,4520.0,22.5,687.9756468797565,22.048780487804876,8.0,256.0,1,3.0,48.0,1.0,16.0,0,1,0,5.0,1,1,AMOLED,Li-Po,Android,1,1,1,0,1,1,1,6.0,1,0,1,1,1,1,0,52.505291315020706,26.252645657510353,25.0,0.78125,22.6,2,Flagship,0.26252645657510354,11.47105764494602,500.0,2.2885985294544207,0.6,395.90859709963166,195.90859709963166,0.49483289459948415,1.354430548339629,0.10723173092094943,False,2.6729140865028325,True,True,True,True
Asus,Zenfone Max Pro (M1) ZB601KL/ZB602K,Asus,160.0,mid_range,2018.0,8.0,Available,180.0,5.99,76.2,404.0,2.0,5000.0,10.0,834.7245409015025,27.77777777777778,6.0,128.0,1,2.0,16.0,1.0,16.0,0,0,0,4.0,0,1,IPS LCD,Li-Po,Android,1,1,1,1,1,1,1,6.0,1,0,1,1,1,1,0,41.99809582178482,26.248809888615515,26.666666666666668,1.25,31.25,0,Mid-range,0.26248809888615515,13.739315788095876,300.0,1.9104888695664315,0.4666666666666667,316.3651094358261,156.36510943582613,0.4942552284437181,1.4229175846974618,0.12542345316532752,False,2.2259208138385276,True,False,False,True
Honor,Play 4T,Honor,160.0,mid_range,2020.0,6.0,Available,176.0,6.39,82.4,269.0,2.1666666666666665,4000.0,10.0,625.9780907668232,22.727272727272727,6.0,128.0,1,2.0,48.0,1.0,8.0,0,0,0,4.0,0,1,IPS LCD,Li-Po,Android,1,1,1,0,0,1,1,4.0,1,0,1,0,1,1,0,41.70066325675226,26.06291453547016,26.666666666666668,1.25,25.0,0,Mid-range,0.2606291453547016,13.739315788095876,300.0,1.896958694118654,0.4666666666666667,164.12084379420168,4.120843794201676,0.02510859497754583,0.07861556967993158,0.12542345316532752,False,2.1928428706030036,True,False,False,True
Lenovo,Z6 Youth,Lenovo,160.0,mid_range,2019.0,7.0,Available,164.0,6.3,83.7,409.0,2.1666666666666665,4050.0,15.0,642.8571428571429,24.695121951219512,6.0,128.0,1,3.0,16.0,1.0,16.0,0,0,1,4.0,0,1,IPS LCD,Li-Po,Android,1,1,1,1,1,1,1,4.0,1,0,1,0,1,1,0,41.650402277246016,26.03150142327876,26.666666666666668,1.25,25.3125,0,Mid-range,0.2603150142327876,13.739315788095876,300.0,1.8946723275574735,0.4666666666666667,198.28656473399937,38.28656473399937,0.19308703434022695,0.5599443023330553,0.12542345316532752,False,2.1872532680425465,True,False,False,True
Realme,X50 5G,Realme,223.1907,mid_range,2020.0,6.0,Available,202.0,6.57,83.9,401.0,2.2222222222222223,4200.0,30.0,639.269406392694,20.792079207920793,12.0,256.0,0,4.0,64.0,2.0,16.0,0,1,1,5.0,1,1,IPS LCD,Li-Po,Android,1,1,1,1,1,1,0,5.0,1,0,1,1,1,1,0,57.285515046125646,25.666622778693576,18.599225,0.8718386718750001,18.817988383924597,2,Flagship,0.25666622778693576,11.47105764494602,500.0,2.237511446034962,0.5536186,406.9731136190477,183.7824136190477,0.4515836733899811,1.2491152191825603,0.10723173092094943,False,2.566945173929239,True,True,True,True
Honor,9X (China),Honor,180.0,mid_range,2019.0,7.0,Available,206.0,6.59,84.7,391.0,2.1666666666666665,4000.0,10.0,606.9802731411229,19.41747572815534,8.0,128.0,1,2.0,48.0,1.0,16.0,0,0,0,4.0,0,1,IPS LCD,Li-Po,Android,1,1,1,0,1,1,1,5.0,1,0,1,1,1,1,0,45.84723478985197,25.470685994362203,22.5,1.40625,22.22222222222222,2,Flagship,0.254706859943622,11.47105764494602,500.0,2.2204304766600327,0.64,227.66743204255738,47.66743204255738,0.20937308254808712,0.6593129664141965,0.10723173092094943,False,2.5315144617176535,True,False,False,True
Xiaomi,Poco X2,Xiaomi,200.0,mid_range,2020.0,6.0,Available,208.0,6.67,84.8,395.0,2.2222222222222223,4500.0,27.0,674.6626686656672,21.634615384615383,8.0,256.0,1,4.0,64.0,2.0,20.0,0,1,0,4.0,0,1,IPS LCD,Li-Po,Android,1,1,1,0,1,1,1,5.0,1,0,1,1,1,1,0,50.91830530834739,25.459152654173696,25.0,0.78125,22.5,2,Flagship,0.25459152654173695,11.47105764494602,500.0,2.219425047122017,0.6,275.802104112245,75.80210411224499,0.2748423706056837,0.8187359439532632,0.10723173092094943,False,2.529428919391072,True,False,False,True
Micromax,Canvas Evok Note E453,Other,140.0,budget,2017.0,9.0,Available,162.0,5.5,72.7,401.0,1.7777777777777777,4000.0,,727.2727272727273,24.69135802469136,3.0,32.0,1,1.0,13.0,1.0,5.0,0,0,0,4.0,0,1,IPS LCD,Li-Po,Android,1,1,1,0,1,1,1,5.0,1,0,1,1,1,1,0,35.570239180314346,25.40731370022453,46.666666666666664,4.375,28.571428571428573,0,Mid-range,0.2540731370022453,13.739315788095876,300.0,1.8492415555538895,0.5333333333333333,201.37358897572705,61.373588975727046,0.30477476856771335,0.8799765384496516,0.12542345316532752,False,2.0761862310125547,True,False,False,True
vivo,Z3x,vivo,160.0,mid_range,2019.0,7.0,Available,150.0,6.26,84.2,403.0,2.111111111111111,3260.0,,520.7667731629393,21.733333333333334,6.0,64.0,1,2.0,13.0,1.0,16.0,0,0,0,4.0,0,1,IPS LCD,Li-Ion,Android,1,1,1,0,1,1,1,4.0,1,0,1,0,1,1,0,40.38144370830122,25.238402317688266,26.666666666666668,2.5,20.375,0,Mid-range,0.25238402317688263,13.739315788095876,300.0,1.8369475385051937,0.4666666666666667,293.20718099747353,133.20718099747353,0.45431077282729077,1.3084599538769832,0.12542345316532752,False,2.0461303902998518,True,False,False,True
Nokia,5.1 Plus (Nokia X5),Nokia,150.0,budget,2018.0,8.0,Available,160.0,5.86,79.6,287.0,2.111111111111111,3060.0,,522.1843003412969,19.125,6.0,64.0,1,2.0,13.0,1.0,8.0,0,0,0,4.0,0,1,IPS LCD,Li-Ion,Android,1,1,1,0,1,1,1,5.0,1,0,1,1,1,1,0,37.77129610172587,25.18086406781725,25.0,2.34375,20.4,0,Mid-range,0.2518086406781725,13.739315788095876,300.0,1.8327596844112608,0.5,268.91716777468565,118.91716777468565,0.44220742304679234,1.273778776740157,0.12542345316532752,False,2.035892119515231,True,False,False,True
Realme,5 Pro,Realme,185.99070000000003,mid_range,2019.0,7.0,Available,184.0,6.3,83.6,409.0,2.1666666666666665,4035.0,20.0,640.4761904761905,21.929347826086957,8.0,128.0,1,4.0,48.0,1.0,16.0,0,1,0,4.0,0,1,IPS LCD,Li-Po,Android,1,1,1,0,1,1,1,5.0,1,0,1,1,1,1,0,46.75505198811299,25.138381643874126,23.248837500000004,1.4530523437500005,21.69463311875271,2,Flagship,0.2513838164387412,11.47105764494602,500.0,2.191461539289686,0.6280185999999999,212.46374099576255,26.473040995762517,0.1246002770717028,0.45288437272770754,0.10723173092094943,False,2.4714247759091483,True,False,False,True
Dell,Venue 7,Other,100.0,budget,2013.0,13.0,Discontinued,234.0,7.0,62.4,216.0,1.6,4100.0,,585.7142857142857,17.521367521367523,2.0,16.0,1,1.0,3.15,1.0,,0,0,0,3.0,0,0,IPS LCD,Li-Ion,Android,1,1,1,0,0,1,1,3.0,0,0,1,0,1,1,0,25.1095013519649,25.1095013519649,50.0,6.25,41.0,1,Entry,0.251095013519649,19.55453646636535,180.0,1.2840755082665516,0.4444444444444444,213.7023526077097,113.70235260770971,0.5320594332268839,1.6269931121011534,0.1772637802030422,False,0.5955817258090238,False,True,True,True
Lenovo,S5,Lenovo,150.0,budget,2018.0,8.0,Available,155.0,5.7,74.1,424.0,2.0,3000.0,,526.3157894736842,19.35483870967742,4.0,64.0,1,1.0,13.0,1.0,16.0,0,0,0,4.0,0,1,IPS LCD,Li-Po,Android,1,1,1,0,1,1,1,4.0,1,0,1,0,1,1,0,37.639896256670966,25.093264171113976,37.5,2.34375,20.0,0,Mid-range,0.25093264171113977,13.739315788095876,300.0,1.8263838285786747,0.5,261.55317372675603,111.55317372675603,0.4265028488749877,1.2287785802170126,0.12542345316532752,False,2.020304723910334,True,False,False,True
BlackBerry,Q10,Other,110.0,budget,2013.0,13.0,Available,139.0,3.1,38.8,328.0,1.0,2100.0,,677.4193548387096,15.107913669064748,2.0,16.0,1,1.0,8.0,1.0,2.0,0,0,0,4.0,0,1,AMOLED,Li-Ion,BlackBerry,1,1,1,1,1,1,1,4.0,0,0,1,1,1,1,0,27.56993392418824,25.063576294716576,55.0,6.875,19.09090909090909,1,Entry,0.25063576294716583,19.55453646636535,180.0,1.2817269454495643,0.3888888888888889,229.38480030373782,119.38480030373782,0.5204564563373664,1.5906018663073938,0.1772637802030422,False,0.5906578198227335,False,True,True,True
Xiaomi,Redmi Note 9,Xiaomi,174.35,mid_range,2020.0,6.0,Available,199.0,6.53,83.5,395.0,2.1666666666666665,5020.0,18.0,768.7595712098009,25.22613065326633,4.0,128.0,1,4.0,48.0,1.0,13.0,0,1,0,4.0,0,1,IPS LCD,Li-Po,Android,1,1,1,1,1,1,1,5.0,1,0,1,1,1,1,0,43.67434847868103,25.049812720780633,43.5875,1.362109375,28.79265844565529,0,Mid-range,0.25049812720780634,13.739315788095876,300.0,1.8232212656822755,0.41883333333333334,238.08729151253215,63.73729151253215,0.26770555919897654,0.7737576949266218,0.12542345316532752,False,2.0125730373280253,True,False,False,True
ZTE,Blade V9,ZTE,150.0,budget,2018.0,8.0,Available,140.0,5.7,78.4,424.0,2.0,3100.0,10.0,543.859649122807,22.142857142857142,4.0,64.0,1,2.0,16.0,1.0,8.0,0,0,0,4.0,0,1,IPS LCD,Li-Ion,Android,1,1,1,1,1,1,1,5.0,1,0,1,1,1,1,0,37.16700832955317,24.778005553035445,37.5,2.34375,20.666666666666668,0,Mid-range,0.24778005553035445,13.739315788095876,300.0,1.8034380994797279,0.5,288.25760806156904,138.25760806156904,0.4796321213906644,1.3810162453827153,0.12542345316532752,False,1.9642080733116642,True,False,False,True
Xiaomi,Mi Max,Xiaomi,150.0,budget,2016.0,10.0,Available,203.0,6.44,74.8,342.0,1.7777777777777777,4850.0,,753.1055900621118,23.891625615763548,4.0,128.0,1,1.0,16.0,1.0,5.0,0,0,0,4.0,0,1,IPS LCD,Li-Ion,Android,1,1,1,0,1,1,1,5.0,1,0,1,1,1,1,0,37.15327940209877,24.76885293473251,37.5,1.171875,32.333333333333336,0,Mid-range,0.24768852934732513,13.739315788095876,300.0,1.8027719368815245,0.5,323.5284268025392,173.52842680253917,0.5363622248515729,1.5435718025465952,0.12542345316532752,False,1.962579469995022,True,False,False,True
alcatel,Idol 5s,alcatel,140.0,budget,2017.0,9.0,Available,147.0,5.2,69.7,424.0,1.7777777777777777,2850.0,10.0,548.0769230769231,19.387755102040817,3.0,32.0,1,1.0,12.0,1.0,8.0,0,0,0,4.0,0,1,IPS LCD,Li-Ion,Android,1,1,1,0,1,1,1,5.0,1,0,1,1,1,1,0,34.54675433949146,24.676253099636757,46.666666666666664,4.375,20.357142857142858,0,Mid-range,0.24676253099636755,13.739315788095876,300.0,1.7960321663919354,0.5333333333333333,211.95569060695144,71.95569060695144,0.3394845894483926,0.9794347436723032,0.12542345316532752,False,1.9461023927734027,True,False,False,True
ZTE,Blade A2 Plus,ZTE,150.0,budget,2017.0,9.0,Available,189.0,5.5,70.6,401.0,1.7777777777777777,5000.0,,909.0909090909092,26.455026455026456,4.0,32.0,1,1.0,13.0,1.0,8.0,0,0,0,4.0,0,1,IPS LCD,Li-Ion,Android,1,1,1,0,1,1,1,4.0,1,0,1,0,1,1,0,36.98936376784183,24.659575845227888,37.5,4.6875,33.333333333333336,0,Mid-range,0.24659575845227888,13.739315788095876,300.0,1.7948183319720787,0.5,246.24279111501028,96.24279111501028,0.39084511136027156,1.1266041959784536,0.12542345316532752,False,1.9431348668760253,True,False,False,True
Meizu,M1 Note,Other,130.0,budget,2014.0,12.0,Available,145.0,5.5,72.9,403.0,1.7777777777777777,3140.0,,570.9090909090909,21.655172413793103,2.0,32.0,0,1.0,13.0,1.0,5.0,0,0,0,4.0,0,1,IPS LCD,Unknown,Android,1,1,1,0,0,1,1,4.0,0,0,1,1,1,1,0,32.005584105983054,24.619680081525427,65.0,4.0625,24.153846153846153,1,Entry,0.24619680081525427,19.55453646636535,180.0,1.25902652429897,0.2777777777777778,312.2963374797373,182.2963374797373,0.583728707646356,1.789047150757643,0.1772637802030422,True,0.5430649946335351,False,False,False,True
Xiaomi,Redmi Note 4,Xiaomi,150.0,budget,2017.0,9.0,Available,165.0,5.5,72.7,401.0,1.7777777777777777,4100.0,,745.4545454545455,24.848484848484848,4.0,64.0,1,1.0,13.0,1.0,5.0,0,0,0,4.0,0,1,IPS LCD,Li-Po,Android,1,1,1,0,1,1,1,5.0,1,0,1,1,1,1,0,36.8829804551968,24.588653636797865,37.5,2.34375,27.333333333333332,0,Mid-range,0.24588653636797866,13.739315788095876,300.0,1.78965634213766,0.5,173.41376026599582,23.41376026599582,0.13501673817626658,0.39354853056950173,0.12542345316532752,False,1.9305150743696902,True,False,False,True
Xiaomi,Redmi 10X 4G,Xiaomi,185.99070000000003,mid_range,2020.0,6.0,Available,199.0,6.53,83.5,395.0,2.1666666666666665,5020.0,18.0,768.7595712098009,25.22613065326633,6.0,128.0,1,4.0,48.0,1.0,13.0,0,1,0,4.0,0,1,IPS LCD,Li-Po,Android,1,1,1,0,1,1,1,5.0,1,0,1,1,1,1,0,45.523658599319624,24.4763090839056,30.998450000000005,1.4530523437500005,26.990596841670037,0,Mid-range,0.244763090839056,13.739315788095876,300.0,1.7814794754999774,0.3800309999999999,216.84037550506915,30.849675505069115,0.14226905590443387,0.4143294648021367,0.12542345316532752,False,1.9105246513681808,True,False,False,True
HTC,U Play,HTC,150.0,budget,2017.0,9.0,Available,145.0,5.2,68.7,428.0,1.7777777777777777,2500.0,10.0,480.7692307692308,17.24137931034483,4.0,64.0,1,1.0,16.0,1.0,16.0,1,0,0,4.0,0,1,LCD/TFT,Li-Ion,Android,1,1,1,1,0,1,0,5.0,1,0,1,1,1,1,0,36.68393974242005,24.455959828280037,37.5,2.34375,16.666666666666668,0,Mid-range,0.24455959828280036,13.739315788095876,300.0,1.7799983787743898,0.5,266.79745615389936,116.79745615389936,0.4377757488307008,1.2610801700495844,0.12542345316532752,False,1.906903735024235,True,False,False,True
Samsung,Galaxy M40,Samsung,175.98899999999998,mid_range,2019.0,7.0,Available,168.0,6.3,84.9,409.0,2.1666666666666665,3500.0,15.0,555.5555555555555,20.833333333333332,6.0,128.0,1,3.0,32.0,1.0,16.0,0,1,0,4.0,0,1,LCD/TFT,Li-Po,Android,1,1,1,1,1,1,0,5.0,1,0,1,1,1,1,0,42.98658656520965,24.425723519770926,29.331499999999995,1.3749140624999998,19.88760661177687,0,Mid-range,0.24425723519770925,13.739315788095876,300.0,1.7777976644902542,0.41337000000000007,273.0896313541024,97.1006313541024,0.3555632298181128,1.0255067968554699,0.12542345316532752,False,1.90152353116441,True,False,False,True
Xiaomi,Redmi Note 9S,Xiaomi,189.0,mid_range,2020.0,6.0,Available,209.0,6.67,84.5,395.0,2.2222222222222223,5020.0,18.0,752.6236881559221,24.019138755980865,6.0,128.0,1,4.0,48.0,1.0,16.0,0,1,0,4.0,0,1,IPS LCD,Li-Po,Android,1,1,1,0,1,1,1,5.0,1,0,1,1,1,1,0,45.88017318816415,24.27522390908156,31.5,1.4765625,26.56084656084656,0,Mid-range,0.2427522390908156,13.739315788095876,300.0,1.7668437266806465,0.37,198.16641863236515,9.16641863236515,0.04625616537669043,0.13921223492775972,0.12542345316532752,False,1.8747438538076624,True,False,False,True
LG,Q6,LG,150.0,budget,2017.0,9.0,Available,149.0,5.5,78.0,442.0,2.0,3000.0,,545.4545454545455,20.13422818791946,4.0,64.0,1,1.0,13.0,1.0,5.0,0,0,0,4.0,0,1,IPS LCD,Li-Po,Android,1,1,1,1,1,1,1,4.0,0,0,1,1,1,1,0,36.32899565056831,24.219330433712205,37.5,2.34375,20.0,0,Mid-range,0.24219330433712205,13.739315788095876,300.0,1.7627755855714813,0.5,228.34082379780637,78.34082379780637,0.34308724342335045,0.9897578594158077,0.12542345316532752,False,1.864798251756717,True,False,False,True
Huawei,Enjoy 10 Plus,Huawei,190.0,mid_range,2019.0,7.0,Available,163.5,6.59,84.3,391.0,2.1666666666666665,4000.0,10.0,606.9802731411229,24.464831804281346,8.0,128.0,1,3.0,48.0,1.0,16.0,0,1,0,4.0,0,1,IPS LCD,Li-Po,Android,1,1,1,0,1,1,1,5.0,1,0,1,1,1,1,0,45.83059204712796,24.121364235330503,23.75,1.484375,21.05263157894737,2,Flagship,0.24121364235330503,11.47105764494602,500.0,2.1028021113605004,0.62,288.1827242070702,98.18272420707018,0.34069607911861566,0.9790950161931398,0.10723173092094943,False,2.2875203026411732,True,False,False,True
Samsung,Galaxy A01,Samsung,134.99,budget,2019.0,7.0,Available,149.0,5.7,75.1,301.0,2.111111111111111,3000.0,,526.3157894736842,20.13422818791946,2.0,32.0,1,2.0,13.0,1.0,5.0,0,0,0,4.0,0,1,LCD/TFT,Li-Ion,Android,1,1,1,0,1,1,1,2.0,0,0,1,0,1,0,0,32.530471937605235,24.098430948666746,67.495,4.2184375,22.223868434698865,1,Entry,0.2409843094866674,19.55453646636535,180.0,1.232370349975674,0.25005555555555553,367.8888954970176,232.89889549701758,0.6330685659385596,1.9437952751086445,0.1772637802030422,True,0.4871786903061723,False,False,False,True
alcatel,Flash Plus 2,alcatel,140.0,budget,2016.0,10.0,Available,157.0,5.5,71.5,401.0,1.7777777777777777,3000.0,10.0,545.4545454545455,19.10828025477707,3.0,32.0,1,1.0,13.0,1.0,5.0,0,0,0,4.0,0,1,IPS LCD,Li-Ion,Android,1,1,1,0,1,1,1,5.0,1,0,1,1,1,1,0,33.6919774393896,24.065698170992576,46.666666666666664,4.375,21.428571428571427,0,Mid-range,0.24065698170992575,13.739315788095876,300.0,1.7515936413546709,0.5333333333333333,185.84814559267082,45.84814559267082,0.24669681500700916,0.713558825030466,0.12542345316532752,False,1.8374611549471405,True,False,False,True
Motorola,Moto G5S,Motorola,150.0,budget,2017.0,9.0,Available,157.0,5.2,67.6,424.0,1.7777777777777777,3000.0,15.0,576.9230769230769,19.10828025477707,4.0,32.0,1,1.0,16.0,1.0,5.0,0,0,0,4.0,0,1,IPS LCD,Li-Ion,Android,1,1,1,0,1,1,1,5.0,1,0,1,1,1,1,0,35.84300883383003,23.895339222553353,37.5,4.6875,20.0,0,Mid-range,0.23895339222553352,13.739315788095876,300.0,1.7391942649179764,0.5,240.23768322691134,90.23768322691134,0.37561835435150814,1.0829731461767527,0.12542345316532752,False,1.8071477365061215,True,False,False,True
Motorola,One Action,Motorola,165.0,mid_range,2019.0,7.0,Available,176.0,6.3,82.5,432.0,2.3333333333333335,3500.0,10.0,555.5555555555555,19.886363636363637,4.0,128.0,1,3.0,16.0,1.0,12.0,0,1,0,4.0,0,1,IPS LCD,Li-Po,Android,1,1,1,1,1,1,1,5.0,1,0,1,1,1,1,0,39.30270070428724,23.81981860865893,41.25,1.2890625,21.21212121212121,0,Mid-range,0.23819818608658933,13.739315788095876,300.0,1.7336975855302112,0.45,272.5933271722528,107.59332717225283,0.3947027181052901,1.1376578584169108,0.12542345316532752,False,1.793709710556337,True,False,False,True
Honor,Play 4T Pro,Honor,200.0,mid_range,2020.0,6.0,Available,165.0,6.3,83.2,418.0,2.2222222222222223,4000.0,22.5,634.9206349206349,24.24242424242424,8.0,128.0,1,3.0,48.0,1.0,16.0,0,1,0,4.0,0,1,OLED,Li-Po,Android,1,1,1,0,0,1,1,5.0,1,0,1,0,1,1,0,47.52794217214172,23.76397108607086,25.0,1.5625,20.0,2,Flagship,0.2376397108607086,11.47105764494602,500.0,2.0716460348833587,0.6,296.3333057715371,96.33330577153708,0.3250843016809146,0.941079083568274,0.10723173092094943,False,2.2228938780470284,True,False,False,True
BlackBerry,Z10,Other,120.0,budget,2013.0,13.0,Available,137.5,4.2,58.9,355.0,1.6666666666666667,1800.0,,428.57142857142856,13.090909090909092,2.0,16.0,1,1.0,8.0,1.0,2.0,0,0,0,4.0,0,1,Other,Li-Ion,BlackBerry,1,1,1,1,0,1,1,4.0,0,0,1,1,1,1,0,28.50570192203951,23.754751601699592,60.0,7.5,15.0,1,Entry,0.23754751601699592,19.55453646636535,180.0,1.2147949220150933,0.3333333333333333,296.2643240668451,176.26432406684512,0.5949562932426355,1.8242610300056328,0.1772637802030422,True,0.4503307276624762,False,False,False,True
Xiaomi,Mi 5c,Xiaomi,150.0,budget,2017.0,9.0,Available,135.0,5.15,72.6,428.0,1.7777777777777777,2860.0,18.0,555.3398058252427,21.185185185185187,3.0,64.0,0,1.0,12.0,1.0,8.0,0,0,0,4.0,0,1,IPS LCD,Li-Ion,Android,1,1,1,0,1,1,1,5.0,1,0,1,1,1,1,0,35.61057378611243,23.740382524074953,50.0,2.34375,19.066666666666663,0,Mid-range,0.23740382524074954,13.739315788095876,300.0,1.7279159231964285,0.5,255.35941586981363,105.35941586981363,0.4125926412814461,1.1889199970717956,0.12542345316532752,False,1.7795749715633373,True,False,False,True
Xiaomi,Redmi Note 8 Pro,Xiaomi,209.9,mid_range,2019.0,7.0,Available,200.0,6.53,84.9,395.0,2.1666666666666665,4500.0,18.0,689.1271056661561,22.5,8.0,256.0,1,4.0,64.0,1.0,20.0,0,1,0,4.0,0,1,IPS LCD,Li-Po,Android,1,1,1,1,1,1,1,5.0,1,0,1,1,1,1,0,49.74737413147846,23.70051173486349,26.2375,0.819921875,21.438780371605525,2,Flagship,0.23700511734863486,11.47105764494602,500.0,2.0661139075790094,0.5802,335.16603104053274,125.26603104053274,0.3737432181048917,1.0595674552962588,0.10723173092094943,False,2.211418697327722,True,False,False,True
Coolpad,Cool Play 6,Other,165.0,mid_range,2017.0,9.0,Available,175.0,5.5,73.0,401.0,1.7777777777777777,4060.0,,738.1818181818181,23.2,6.0,64.0,0,1.0,13.0,1.0,8.0,0,0,0,4.0,0,1,IPS LCD,Li-Ion,Android,1,1,1,0,0,1,1,5.0,1,0,1,1,1,1,0,39.03146370482381,23.655432548378062,27.5,2.578125,24.60606060606061,0,Mid-range,0.23655432548378064,13.739315788095876,300.0,1.7217329387591327,0.45,308.43552232378534,143.43552232378534,0.4650421625989353,1.3392098897496456,0.12542345316532752,False,1.7644590989693425,True,False,False,True
XOLO,Black 1X,Other,140.0,budget,2015.0,11.0,Available,,5.0,66.2,441.0,1.7777777777777777,2400.0,,480.0,,3.0,32.0,1,1.0,13.0,1.0,5.0,0,0,0,4.0,0,1,IPS LCD,Li-Po,Android,1,1,1,0,1,1,1,4.0,0,0,1,1,1,1,0,33.090674581237295,23.63619612945521,46.666666666666664,4.375,17.142857142857142,0,Mid-range,0.23636196129455211,13.739315788095876,300.0,1.7203328385489376,0.5333333333333333,317.5828348781424,177.58283487814242,0.55917012941295,1.6089260220443624,0.12542345316532752,False,1.7610361991366215,True,False,False,True
ZTE,Blade 10 Prime,ZTE,160.0,mid_range,2019.0,7.0,Available,165.0,6.3,83.4,400.0,2.111111111111111,3200.0,18.0,507.9365079365079,19.39393939393939,3.0,64.0,1,2.0,16.0,1.0,16.0,0,0,0,4.0,0,1,IPS LCD,Li-Po,Android,1,1,1,1,1,1,1,4.0,1,0,1,0,1,1,0,37.7254099774715,23.57838123591969,53.333333333333336,2.5,20.0,0,Mid-range,0.23578381235919688,13.739315788095876,300.0,1.7161248492700527,0.4666666666666667,247.13198485035204,87.13198485035204,0.3525726744885484,1.0169376006409463,0.12542345316532752,False,1.750748702788929,True,False,False,True
Coolpad,Legacy,Other,160.0,mid_range,2019.0,7.0,Available,170.0,6.36,78.2,380.0,2.0,4000.0,15.0,628.9308176100628,23.529411764705884,3.0,32.0,1,2.0,16.0,1.0,13.0,0,0,0,4.0,0,1,IPS LCD,Li-Po,Android,1,1,1,0,1,1,1,5.0,1,0,1,1,1,1,0,37.46790208239471,23.417438801496697,53.333333333333336,5.0,25.0,0,Mid-range,0.23417438801496693,13.739315788095876,300.0,1.7044108427718223,0.4666666666666667,309.7695930173047,149.76959301730471,0.48348707036890515,1.3920622922038366,0.12542345316532752,False,1.722110844876106,True,False,False,True
Motorola,Moto G Stylus,Motorola,181.35,mid_range,2020.0,6.0,Available,192.0,6.4,83.7,399.0,2.1296296296296298,4000.0,10.0,625.0,20.833333333333332,4.0,128.0,1,3.0,48.0,1.0,16.0,0,1,0,4.0,0,1,IPS LCD,Li-Po,Android,1,1,1,0,1,1,1,4.0,1,0,1,1,1,0,0,42.27229017678179,23.309782286618024,45.337500000000006,1.4167968750000002,22.056796250344636,0,Mid-range,0.23309782286618025,13.739315788095876,300.0,1.6965751894875483,0.3955,241.76382501890055,60.41382501890055,0.24988777793442646,0.7227022731278776,0.12542345316532752,False,1.7029546044008175,True,False,False,True
Huawei,nova 5z,Huawei,200.0,mid_range,2019.0,7.0,Available,178.0,6.26,83.4,412.0,2.1666666666666665,4000.0,20.0,638.9776357827476,22.471910112359552,6.0,128.0,1,4.0,48.0,1.0,32.0,0,1,0,4.0,0,1,IPS LCD,Li-Po,Android,1,1,1,0,1,1,1,5.0,1,0,1,1,1,1,0,46.58677122241961,23.293385611209803,33.333333333333336,1.5625,20.0,0,Mid-range,0.23293385611209805,13.739315788095876,300.0,1.6953817766814734,0.3333333333333333,211.31832673197115,11.318326731971155,0.053560554387348185,0.1601423752400788,0.12542345316532752,False,1.7000370043143842,True,False,False,True
Xiaomi,Mi A3,Xiaomi,195.3,mid_range,2019.0,7.0,Available,173.8,6.09,82.5,282.0,2.1666666666666665,4030.0,18.0,661.7405582922825,23.187571921749136,6.0,128.0,1,3.0,48.0,1.0,32.0,0,1,0,4.0,0,1,AMOLED,Li-Po,Android,1,1,1,0,1,1,1,6.0,1,0,1,1,1,1,0,45.359367402768754,23.22548254110023,32.550000000000004,1.52578125,20.634920634920633,0,Mid-range,0.2322548254110023,13.739315788095876,300.0,1.6904395312919027,0.349,215.69362643887862,20.393626438878613,0.0945490452155645,0.277591605144596,0.12542345316532752,False,1.687954432799829,True,False,False,True
Realme,6i,Realme,183.05,mid_range,2020.0,6.0,Available,199.0,6.5,82.3,270.0,2.2222222222222223,5000.0,18.0,769.2307692307693,25.12562814070352,4.0,128.0,1,4.0,48.0,1.0,16.0,0,1,0,4.0,0,1,IPS LCD,Li-Po,Android,1,1,1,0,1,1,1,5.0,1,0,1,1,1,1,0,42.45645516333989,23.19391158882266,45.7625,1.430078125,27.31494127287626,0,Mid-range,0.23193911588822663,13.739315788095876,300.0,1.6881416765250064,0.3898333333333333,182.75032792258543,-0.29967207741458424,-0.00163978954687035,0.0019702211905469054,0.12542345316532752,False,1.6823367444087034,True,False,False,True
Xiaomi,Redmi Note 5 (Redmi 5 Plus),Xiaomi,160.0,mid_range,2018.0,8.0,Available,180.0,5.99,77.4,403.0,2.0,4000.0,10.0,667.779632721202,22.22222222222222,4.0,64.0,1,1.0,12.0,1.0,5.0,0,0,0,4.0,0,1,IPS LCD,Li-Po,Android,1,1,1,0,1,1,1,5.0,1,0,1,1,1,1,0,36.909497843047454,23.06843615190466,40.0,2.5,25.0,0,Mid-range,0.2306843615190466,13.739315788095876,300.0,1.679009093880191,0.4666666666666667,242.37874558058584,82.37874558058584,0.33987611159245246,0.9805566189446355,0.12542345316532752,False,1.66000983139232,True,False,False,True
ZTE,nubia Z17 mini,ZTE,170.0,mid_range,2017.0,9.0,Available,155.0,5.2,70.1,424.0,1.7777777777777777,2950.0,18.0,567.3076923076923,19.032258064516128,6.0,64.0,1,1.0,13.0,1.0,16.0,0,0,0,4.0,0,1,IPS LCD,Li-Po,Android,1,1,1,1,1,1,1,5.0,1,0,1,1,1,1,0,39.21452665584111,23.06736862108301,28.333333333333332,2.65625,17.352941176470587,0,Mid-range,0.23067368621083006,13.739315788095876,300.0,1.6789313949002624,0.43333333333333335,280.3205001383856,110.32050013838563,0.3935513103177391,1.1343585918369168,0.12542345316532752,False,1.659819876542329,True,False,False,True
Nokia,6.2,Nokia,167.0,mid_range,2019.0,7.0,Available,180.0,6.3,82.5,400.0,2.111111111111111,3500.0,10.0,555.5555555555555,19.444444444444443,4.0,128.0,1,3.0,16.0,1.0,8.0,0,1,0,4.0,0,1,IPS LCD,Li-Po,Android,1,1,1,1,1,1,1,5.0,1,0,1,1,1,1,0,38.50692362369401,23.058038098020365,41.75,1.3046875,20.95808383233533,0,Mid-range,0.23058038098020364,13.739315788095876,300.0,1.6782522837125913,0.44333333333333336,267.20844902766163,100.20844902766163,0.3750197622579216,1.081257928587666,0.12542345316532752,False,1.6581596171167878,True,False,False,True
Huawei,Enjoy Z 5G,Huawei,220.0,mid_range,2020.0,6.0,Available,182.0,6.5,84.7,405.0,2.2222222222222223,4000.0,22.5,615.3846153846154,21.978021978021975,8.0,128.0,1,3.0,48.0,1.0,16.0,0,1,0,5.0,1,1,IPS LCD,Li-Po,Android,1,1,1,0,0,1,1,5.0,1,0,1,1,1,1,0,50.49574701541958,22.952612279736172,27.5,1.71875,18.181818181818183,2,Flagship,0.22952612279736173,11.47105764494602,500.0,2.000915084743625,0.56,290.26947114456806,70.26947114456806,0.24208357450574092,0.7389656429496301,0.10723173092094943,False,2.0761780866979036,True,False,False,True
QMobile,Noir X800,Other,110.0,budget,2014.0,12.0,Available,,4.7,64.9,312.0,1.7777777777777777,2000.0,,425.531914893617,,2.0,16.0,1,1.0,8.0,1.0,2.0,0,0,0,3.0,0,0,IPS LCD,Li-Ion,Android,1,1,1,0,1,1,1,2.0,0,0,1,0,1,0,0,24.94484190759629,22.67712900690572,55.0,6.875,18.181818181818183,1,Entry,0.2267712900690572,19.55453646636535,180.0,1.1596863492986074,0.3888888888888889,241.26190364423087,131.26190364423087,0.5440639473598452,1.6646437278532134,0.1772637802030422,True,0.33479222508040957,False,False,False,True
Xiaomi,Redmi Note,Xiaomi,120.0,budget,2014.0,12.0,Available,199.0,5.5,68.8,267.0,1.7777777777777777,3100.0,,563.6363636363636,15.57788944723618,2.0,8.0,1,1.0,13.0,1.0,5.0,0,0,0,3.0,0,0,IPS LCD,Li-Po,Android,1,1,1,0,1,1,1,4.0,0,0,1,1,1,1,0,26.913502559221904,22.427918799351588,60.0,15.0,25.833333333333332,1,Entry,0.22427918799351587,19.55453646636535,180.0,1.146941981362155,0.3333333333333333,262.71343537414964,142.71343537414964,0.5432285378587542,1.6620235733202755,0.1772637802030422,True,0.3080728760726264,False,False,False,True
Nokia,3.1,Nokia,150.0,budget,2018.0,8.0,Available,138.3,5.2,69.4,310.0,2.0,2990.0,,575.0,21.619667389732463,2.0,32.0,1,1.0,13.0,1.0,8.0,0,0,0,4.0,0,1,IPS LCD,Li-Ion,Android,1,1,1,1,1,1,1,4.0,0,0,1,1,1,1,0,33.093358281093145,22.062238854062095,75.0,4.6875,19.933333333333337,1,Entry,0.22062238854062097,19.55453646636535,180.0,1.128241464174316,0.16666666666666666,364.4747510659002,214.4747510659002,0.5884488580859784,1.8038512959754969,0.1772637802030422,True,0.2688660948607665,False,False,False,True
Xiaomi,Redmi K30,Xiaomi,229.7007,mid_range,2019.0,7.0,Available,208.0,6.67,84.8,395.0,2.2222222222222223,4500.0,27.0,674.6626686656672,21.634615384615383,8.0,256.0,1,4.0,64.0,2.0,20.0,0,1,0,4.0,0,1,IPS LCD,Li-Po,Android,1,1,1,1,1,1,1,5.0,1,0,1,1,1,1,0,50.38901808181245,21.93681520422552,28.7125875,0.897268359375,19.590710868534575,2,Flagship,0.2193681520422552,11.47105764494602,500.0,1.9123620404689152,0.5405986,340.3234807752267,110.62278077522669,0.32505186102127837,0.9410000879551249,0.10723173092094943,False,1.8924942829108586,True,False,False,True
Samsung,Galaxy A31,Samsung,213.435,mid_range,2020.0,6.0,Available,185.0,6.4,84.9,411.0,2.2222222222222223,5000.0,15.0,781.25,27.027027027027028,6.0,128.0,1,4.0,48.0,1.0,20.0,0,1,0,4.0,0,1,AMOLED,Li-Po,Android,1,1,1,1,1,1,1,6.0,1,0,1,1,1,1,0,46.733822583942136,21.89604450251465,35.5725,1.6674609375,23.426335886803944,2,Flagship,0.21896044502514647,11.47105764494602,500.0,1.9088078170509173,0.57313,347.54860403141515,134.11360403141515,0.3858844560897518,1.0891323454605446,0.10723173092094943,False,1.885121828555686,True,False,False,True
Samsung,Galaxy M21,Samsung,219.0,mid_range,2020.0,6.0,Available,188.0,6.4,84.2,403.0,2.1666666666666665,6000.0,15.0,937.5,31.91489361702128,6.0,128.0,1,3.0,48.0,1.0,20.0,0,1,0,4.0,0,1,AMOLED,Li-Po,Android,1,1,1,0,1,1,1,5.0,1,0,1,1,1,1,0,46.877658952513,21.40532372260868,36.5,1.7109375,27.3972602739726,2,Flagship,0.21405323722608677,11.47105764494602,500.0,1.8660287817522696,0.562,244.21232076887577,25.21232076887577,0.10323934799643825,0.40086879386294916,0.10723173092094943,False,1.796386133579246,True,False,False,True
Honor,20 lite (China),Honor,220.0,mid_range,2019.0,7.0,Available,171.5,6.3,83.3,418.0,2.2222222222222223,4000.0,20.0,634.9206349206349,23.323615160349853,8.0,128.0,1,3.0,48.0,1.0,16.0,0,1,0,4.0,0,1,AMOLED,Li-Po,Android,1,1,1,0,1,1,1,5.0,1,0,1,0,1,1,0,46.82289402279573,21.283133646725332,27.5,1.71875,18.181818181818183,2,Flagship,0.21283133646725333,11.47105764494602,500.0,1.8553767495103095,0.56,222.88638933582493,2.88638933582493,0.012950047530609781,0.18100709157105077,0.10723173092094943,False,1.7742908367287422,True,False,False,True
Xiaomi,Redmi Note 2,Xiaomi,160.0,mid_range,2015.0,11.0,Available,160.0,5.5,71.5,403.0,1.7777777777777777,3060.0,10.0,556.3636363636364,19.125,2.0,232.0,1,1.0,13.0,1.0,5.0,0,0,0,4.0,0,1,IPS LCD,Li-Po,Android,1,1,1,0,1,1,1,4.0,0,0,1,1,1,1,0,33.81762306327876,21.136014414549223,80.0,0.6896551724137931,19.125,0,Mid-range,0.21136014414549226,13.739315788095876,300.0,1.5383600421253911,0.4666666666666667,546.7167888436583,386.71678884365826,0.7073439059034378,2.0335060831592684,0.12542345316532752,True,1.3161575755193349,False,False,False,True
Honor,Play4,Honor,250.0,mid_range,2020.0,6.0,Available,213.0,6.81,83.9,386.0,2.2222222222222223,4300.0,22.5,631.424375917768,20.187793427230048,8.0,128.0,1,4.0,64.0,1.0,16.0,0,1,0,5.0,1,1,IPS LCD,Li-Po,Android,1,1,1,0,1,1,1,5.0,1,0,1,1,1,1,0,51.68361532854223,20.673446131416892,31.25,1.953125,17.2,2,Flagship,0.20673446131416892,11.47105764494602,500.0,1.8022266796405917,0.5,457.98364511904776,207.98364511904776,0.4541289789179802,1.2553132426842557,0.10723173092094943,False,1.6640427127350517,True,False,False,True
Amazon,Fire Phone,Other,160.0,mid_range,2014.0,12.0,Available,160.0,4.7,65.8,312.0,1.7777777777777777,2400.0,,510.6382978723404,15.0,2.0,64.0,0,1.0,13.0,1.0,2.1,1,0,0,4.0,0,1,IPS LCD,Li-Ion,Android,1,1,1,1,0,1,1,5.0,0,0,1,1,1,1,1,30.573390753501823,19.10836922093864,80.0,2.5,15.0,1,Entry,0.1910836922093864,19.55453646636535,180.0,0.977183440466915,0.1111111111111111,389.0926462255074,229.0926462255074,0.588786882630343,1.8049114665158184,0.1772637802030422,True,-0.0478363164310117,False,False,False,True
LG,Optimus G E975,LG,160.0,mid_range,2012.0,14.0,Discontinued,145.0,4.7,69.2,318.0,1.6666666666666667,2100.0,,446.80851063829783,14.482758620689657,2.0,32.0,0,1.0,13.0,1.0,1.3,0,0,0,4.0,0,1,IPS LCD,Li-Po,Android,1,1,1,1,1,1,1,4.0,0,0,1,1,1,1,0,28.651294816130253,17.90705926008141,80.0,5.0,13.125,1,Entry,0.1790705926008141,19.55453646636535,180.0,0.9157496159974096,0.1111111111111111,404.2363852737124,244.23638527371241,0.6041919880822643,1.8532275998941523,0.1772637802030422,True,-0.17663609724937385,False,False,False,True
Asus,Zenfone 3 Deluxe ZS570KL,Asus,230.0,mid_range,2016.0,10.0,Available,170.0,5.7,74.0,386.0,1.7777777777777777,3000.0,18.0,526.3157894736842,17.647058823529413,6.0,256.0,1,1.0,23.0,1.0,8.0,1,0,0,4.0,0,1,AMOLED,Li-Ion,Android,1,1,1,1,0,1,1,5.0,1,0,1,1,1,1,0,40.25743523981215,17.503232712961804,38.333333333333336,0.8984375,13.043478260869565,0,Mid-range,0.17503232712961805,13.739315788095876,300.0,1.2739522828441785,0.23333333333333334,623.7496755952382,393.74967559523816,0.6312623332741404,1.8155004446329468,0.12542345316532752,True,0.6697457912602675,False,False,False,True
